rank,school,name,publication_count,field,field_source,ssrn_url_or_search_link,ssrn_match_type,ssrn_match_evidence,source_group,source_window,source_journals,byu_profile_url,utd_journal_breakdown,utd_year_breakdown,school_unit,notes
1,Duke University,Xu Jiang,8,Accounting,Defaulted from UTD top-3 accounting journal sample,https://papers.ssrn.com/sol3/cf_dev/AbsByAuth.cfm?per_id=1500075,ssrn_author_page,Ssrn privpapers.ssrn.com › sol3 › cf_dev › AbsByAuth.cfm Author Page for Xu Jiang :: SSRN,UTD Top 3 accounting journals author-affiliation aggregate,2021-2025,The Accounting Review; Journal of Accounting and Economics; Journal of Accounting Research,"https://www.byuaccounting.net/rankings/indrank/per_ind_cnt.php?authorid=6911&authorname=Jiang, Xu",The Accounting Review: 4; Journal of Accounting and Economics: 2; Journal of Accounting Research: 2,2025: 2; 2024: 1; 2023: 3; 2022: 2,The Fuqua School of Business,Publication_count counts distinct UTD article records for this author-school affiliation.
2,University of Pennsylvania,Frank S Zhou,7,Accounting,Defaulted from UTD top-3 accounting journal sample,https://papers.ssrn.com/sol3/cf_dev/AbsByAuth.cfm?per_id=2566976,ssrn_author_page,Ssrn privpapers.ssrn.com › sol3 › cf_dev › AbsByAuth.cfm Author Page for Frank Zhou :: SSRN,UTD Top 3 accounting journals author-affiliation aggregate,2021-2025,The Accounting Review; Journal of Accounting and Economics; Journal of Accounting Research,"https://www.byuaccounting.net/rankings/indrank/per_ind_cnt.php?authorid=8493&authorname=Zhou, Frank S.",Journal of Accounting Research: 3; Journal of Accounting and Economics: 2; The Accounting Review: 2,2025: 3; 2024: 2; 2023: 2,The Wharton School,Publication_count counts distinct UTD article records for this author-school affiliation.
3,University of Navarra,Gaizka Ormazabal,7,Accounting,Defaulted from UTD top-3 accounting journal sample,https://search.brave.com/search?q=Gaizka+Ormazabal+%22University+of+Navarra%22+SSRN,search_link,Search link provided; automated SSRN profile resolution was rate limited.,UTD Top 3 accounting journals author-affiliation aggregate,2021-2025,The Accounting Review; Journal of Accounting and Economics; Journal of Accounting Research,"https://www.byuaccounting.net/rankings/indrank/per_ind_cnt.php?authorid=3379&authorname=Ormazabal, Gaizka",Journal of Accounting Research: 3; Journal of Accounting and Economics: 2; The Accounting Review: 2,2025: 1; 2024: 1; 2023: 3; 2021: 2,IESE Business School,Publication_count counts distinct UTD article records for this author-school affiliation.
4,University of North Carolina at Chapel Hill,Stephen Glaeser,7,Accounting,Defaulted from UTD top-3 accounting journal sample,https://search.brave.com/search?q=Stephen+Glaeser+%22University+of+North+Carolina+at+Chapel+Hill%22+SSRN,search_link,,UTD Top 3 accounting journals author-affiliation aggregate,2021-2025,The Accounting Review; Journal of Accounting and Economics; Journal of Accounting Research,"https://www.byuaccounting.net/rankings/indrank/per_ind_cnt.php?authorid=7512&authorname=Glaeser, Stephen",Journal of Accounting and Economics: 3; The Accounting Review: 3; Journal of Accounting Research: 1,2025: 1; 2024: 2; 2023: 1; 2022: 2; 2021: 1,Kenan-Flagler Business School,Publication_count counts distinct UTD article records for this author-school affiliation.
5,University of Pennsylvania,Christina Zhu,6,Financial; Archival,BYU interest areas,https://search.brave.com/search?q=Christina+Zhu+%22University+of+Pennsylvania%22+SSRN,search_link,Search link provided; automated SSRN profile resolution was rate limited.,UTD Top 3 accounting journals author-affiliation aggregate,2021-2025,The Accounting Review; Journal of Accounting and Economics; Journal of Accounting Research,"https://www.byuaccounting.net/rankings/indrank/per_ind_cnt.php?authorid=7604&authorname=Zhu, Christina",The Accounting Review: 3; Journal of Accounting and Economics: 2; Journal of Accounting Research: 1,2025: 1; 2024: 1; 2023: 2; 2022: 1; 2021: 1,The Wharton School,Publication_count counts distinct UTD article records for this author-school affiliation.
6,Pennsylvania State University at State College (Penn State),Daniel Aobdia,6,Accounting,Defaulted from UTD top-3 accounting journal sample,https://search.brave.com/search?q=Daniel+Aobdia+%22Pennsylvania+State+University+at+State+College+%28Penn+State%29%22+SSRN,search_link,Search link provided; automated SSRN profile resolution was rate limited.,UTD Top 3 accounting journals author-affiliation aggregate,2021-2025,The Accounting Review; Journal of Accounting and Economics; Journal of Accounting Research,"https://www.byuaccounting.net/rankings/indrank/per_ind_cnt.php?authorid=5583&authorname=Aobdia, Daniel",The Accounting Review: 4; Journal of Accounting and Economics: 2,2025: 2; 2024: 2; 2023: 1; 2021: 1,Smeal College of Business,Publication_count counts distinct UTD article records for this author-school affiliation.
7,Yale University,Edward M Watts,6,Accounting,Defaulted from UTD top-3 accounting journal sample,https://search.brave.com/search?q=Edward+M+Watts+%22Yale+University%22+SSRN,search_link,Search link provided; automated SSRN profile resolution was rate limited.,UTD Top 3 accounting journals author-affiliation aggregate,2021-2025,The Accounting Review; Journal of Accounting and Economics; Journal of Accounting Research,"https://www.byuaccounting.net/rankings/indrank/per_ind_cnt.php?authorid=8659&authorname=Watts, Edward M.",Journal of Accounting and Economics: 3; Journal of Accounting Research: 3,2025: 1; 2024: 3; 2023: 1; 2021: 1,School of Management,Publication_count counts distinct UTD article records for this author-school affiliation.
8,University of Minnesota at Twin Cities,Gaoqing Zhang,6,Financial; Analytical,BYU interest areas,https://search.brave.com/search?q=Gaoqing+Zhang+%22University+of+Minnesota+at+Twin+Cities%22+SSRN,search_link,Search link provided; automated SSRN profile resolution was rate limited.,UTD Top 3 accounting journals author-affiliation aggregate,2021-2025,The Accounting Review; Journal of Accounting and Economics; Journal of Accounting Research,"https://www.byuaccounting.net/rankings/indrank/per_ind_cnt.php?authorid=6288&authorname=Zhang, Gaoqing",The Accounting Review: 4; Journal of Accounting and Economics: 1; Journal of Accounting Research: 1,2025: 1; 2024: 2; 2023: 3,Carlson School of Management,Publication_count counts distinct UTD article records for this author-school affiliation.
9,University of London,Marcel Olbert,6,Accounting,Defaulted from UTD top-3 accounting journal sample,https://search.brave.com/search?q=Marcel+Olbert+%22University+of+London%22+SSRN,search_link,Search link provided; automated SSRN profile resolution was rate limited.,UTD Top 3 accounting journals author-affiliation aggregate,2021-2025,The Accounting Review; Journal of Accounting and Economics; Journal of Accounting Research,"https://www.byuaccounting.net/rankings/indrank/per_ind_cnt.php?authorid=9758&authorname=Olbert, Marcel",Journal of Accounting and Economics: 2; Journal of Accounting Research: 2; The Accounting Review: 2,2025: 1; 2024: 1; 2023: 2; 2022: 2,London Business School,Publication_count counts distinct UTD article records for this author-school affiliation.
10,University of Pennsylvania,Matthew J Bloomfield,6,Financial; Managerial; Analytical; Archival,BYU interest areas,https://search.brave.com/search?q=Matthew+J+Bloomfield+%22University+of+Pennsylvania%22+SSRN,search_link,Search link provided; automated SSRN profile resolution was rate limited.,UTD Top 3 accounting journals author-affiliation aggregate,2021-2025,The Accounting Review; Journal of Accounting and Economics; Journal of Accounting Research,"https://www.byuaccounting.net/rankings/indrank/per_ind_cnt.php?authorid=6565&authorname=Bloomfield, Matthew J.",The Accounting Review: 2; Journal of Accounting Research: 2; Journal of Accounting and Economics: 2,2025: 1; 2024: 2; 2023: 1; 2021: 2,The Wharton School,Publication_count counts distinct UTD article records for this author-school affiliation.
11,University of California at Berkeley,Omri Even-Tov,6,Accounting,Defaulted from UTD top-3 accounting journal sample,https://search.brave.com/search?q=Omri+Even-Tov+%22University+of+California+at+Berkeley%22+SSRN,search_link,Search link provided; automated SSRN profile resolution was rate limited.,UTD Top 3 accounting journals author-affiliation aggregate,2021-2025,The Accounting Review; Journal of Accounting and Economics; Journal of Accounting Research,"https://www.byuaccounting.net/rankings/indrank/per_ind_cnt.php?authorid=7499&authorname=Even-Tov, Omri",The Accounting Review: 3; Journal of Accounting Research: 2; Journal of Accounting and Economics: 1,2025: 2; 2024: 1; 2023: 2; 2021: 1,Walter A. Haas School of Business,Publication_count counts distinct UTD article records for this author-school affiliation.
12,Columbia University,Thomas Bourveau,6,Accounting,Defaulted from UTD top-3 accounting journal sample,https://search.brave.com/search?q=Thomas+Bourveau+%22Columbia+University%22+SSRN,search_link,,UTD Top 3 accounting journals author-affiliation aggregate,2021-2025,The Accounting Review; Journal of Accounting and Economics; Journal of Accounting Research,"https://www.byuaccounting.net/rankings/indrank/per_ind_cnt.php?authorid=7408&authorname=Bourveau, Thomas",The Accounting Review: 4; Journal of Accounting and Economics: 1; Journal of Accounting Research: 1,2025: 2; 2024: 2; 2022: 1; 2021: 1,Columbia Business School,Publication_count counts distinct UTD article records for this author-school affiliation.
13,University of Texas at Austin,Volker Laux,6,Analytical; Managerial,BYU interest areas,https://search.brave.com/search?q=Volker+Laux+%22University+of+Texas+at+Austin%22+SSRN,search_link,,UTD Top 3 accounting journals author-affiliation aggregate,2021-2025,The Accounting Review; Journal of Accounting and Economics; Journal of Accounting Research,"https://www.byuaccounting.net/rankings/indrank/per_ind_cnt.php?authorid=2533&authorname=Laux, Volker",Journal of Accounting and Economics: 2; Journal of Accounting Research: 2; The Accounting Review: 2,2024: 2; 2023: 1; 2022: 3,McCombs School of Business,Publication_count counts distinct UTD article records for this author-school affiliation.
14,Washington University in St. Louis,Xiumin Martin,6,Financial; Archival,BYU interest areas,https://search.brave.com/search?q=Xiumin+Martin+%22Washington+University+in+St.+Louis%22+SSRN,search_link,,UTD Top 3 accounting journals author-affiliation aggregate,2021-2025,The Accounting Review; Journal of Accounting and Economics; Journal of Accounting Research,"https://www.byuaccounting.net/rankings/indrank/per_ind_cnt.php?authorid=3371&authorname=Martin, Xiumin",The Accounting Review: 3; Journal of Accounting and Economics: 2; Journal of Accounting Research: 1,2025: 1; 2024: 1; 2023: 2; 2021: 2,Olin School of Business,Publication_count counts distinct UTD article records for this author-school affiliation.
15,New York University (NYU),Yiwei Dou,6,Financial; Managerial; Archival; Other Accounting Topics,BYU interest areas,https://search.brave.com/search?q=Yiwei+Dou+%22New+York+University+%28NYU%29%22+SSRN,search_link,,UTD Top 3 accounting journals author-affiliation aggregate,2021-2025,The Accounting Review; Journal of Accounting and Economics; Journal of Accounting Research,"https://www.byuaccounting.net/rankings/indrank/per_ind_cnt.php?authorid=5320&authorname=Dou, Yiwei",The Accounting Review: 3; Journal of Accounting and Economics: 2; Journal of Accounting Research: 1,2025: 1; 2024: 1; 2022: 1; 2021: 3,Leonard N Stern School of Business,Publication_count counts distinct UTD article records for this author-school affiliation.
16,Boston College,Benjamin P Yost,5,Financial; Tax; Archival,BYU interest areas,https://search.brave.com/search?q=Benjamin+P+Yost+%22Boston+College%22+SSRN,search_link,Search link provided; automated SSRN profile resolution was rate limited.,UTD Top 3 accounting journals author-affiliation aggregate,2021-2025,The Accounting Review; Journal of Accounting and Economics; Journal of Accounting Research,"https://www.byuaccounting.net/rankings/indrank/per_ind_cnt.php?authorid=7501&authorname=Yost, Benjamin P.",Journal of Accounting and Economics: 3; Journal of Accounting Research: 1; The Accounting Review: 1,2025: 1; 2024: 1; 2023: 1; 2022: 1; 2021: 1,Carroll School of Management,Publication_count counts distinct UTD article records for this author-school affiliation.
17,Stanford University,Brandon Gipper,5,Audit; Financial; Archival,BYU interest areas,https://search.brave.com/search?q=Brandon+Gipper+%22Stanford+University%22+SSRN,search_link,Search link provided; automated SSRN profile resolution was rate limited.,UTD Top 3 accounting journals author-affiliation aggregate,2021-2025,The Accounting Review; Journal of Accounting and Economics; Journal of Accounting Research,"https://www.byuaccounting.net/rankings/indrank/per_ind_cnt.php?authorid=8197&authorname=Gipper, Brandon",Journal of Accounting and Economics: 3; Journal of Accounting Research: 1; The Accounting Review: 1,2024: 1; 2023: 1; 2021: 3,Graduate School of Business,Publication_count counts distinct UTD article records for this author-school affiliation.
18,University of Chicago,Charles G McClure,5,Accounting,Defaulted from UTD top-3 accounting journal sample,https://search.brave.com/search?q=Charles+G+McClure+%22University+of+Chicago%22+SSRN,search_link,Search link provided; automated SSRN profile resolution was rate limited.,UTD Top 3 accounting journals author-affiliation aggregate,2021-2025,The Accounting Review; Journal of Accounting and Economics; Journal of Accounting Research,,The Accounting Review: 3; Journal of Accounting Research: 2,2025: 1; 2024: 2; 2023: 2,Booth School of Business,Publication_count counts distinct UTD article records for this author-school affiliation.
19,Stanford University,Charles M C Lee,5,Financial; Non-Accounting Topics; Archival,BYU interest areas,https://search.brave.com/search?q=Charles+M+C+Lee+%22Stanford+University%22+SSRN,search_link,Search link provided; automated SSRN profile resolution was rate limited.,UTD Top 3 accounting journals author-affiliation aggregate,2021-2025,The Accounting Review; Journal of Accounting and Economics; Journal of Accounting Research,"https://www.byuaccounting.net/rankings/indrank/per_ind_cnt.php?authorid=460&authorname=Lee, Charles M. C.",The Accounting Review: 4; Journal of Accounting and Economics: 1,2025: 1; 2024: 1; 2022: 2; 2021: 1,Graduate School of Business,Publication_count counts distinct UTD article records for this author-school affiliation.
20,University of Southern California,Clive Lennox,5,Accounting,Defaulted from UTD top-3 accounting journal sample,https://search.brave.com/search?q=Clive+Lennox+%22University+of+Southern+California%22+SSRN,search_link,Search link provided; automated SSRN profile resolution was rate limited.,UTD Top 3 accounting journals author-affiliation aggregate,2021-2025,The Accounting Review; Journal of Accounting and Economics; Journal of Accounting Research,,Journal of Accounting and Economics: 3; The Accounting Review: 2,2025: 1; 2024: 1; 2023: 1; 2022: 2,Marshall School of Business (incl. Leventhal),Publication_count counts distinct UTD article records for this author-school affiliation.
21,Centre for Economic Policy Research (CEPR),Gaizka Ormazabal,5,Accounting,Defaulted from UTD top-3 accounting journal sample,https://search.brave.com/search?q=Gaizka+Ormazabal+%22Centre+for+Economic+Policy+Research+%28CEPR%29%22+SSRN,search_link,Search link provided; automated SSRN profile resolution was rate limited.,UTD Top 3 accounting journals author-affiliation aggregate,2021-2025,The Accounting Review; Journal of Accounting and Economics; Journal of Accounting Research,"https://www.byuaccounting.net/rankings/indrank/per_ind_cnt.php?authorid=3379&authorname=Ormazabal, Gaizka",Journal of Accounting Research: 3; Journal of Accounting and Economics: 1; The Accounting Review: 1,2023: 3; 2021: 2,,Publication_count counts distinct UTD article records for this author-school affiliation.
22,European Corporate Governance Institute (ECGI),Gaizka Ormazabal,5,Accounting,Defaulted from UTD top-3 accounting journal sample,https://search.brave.com/search?q=Gaizka+Ormazabal+%22European+Corporate+Governance+Institute+%28ECGI%29%22+SSRN,search_link,Search link provided; automated SSRN profile resolution was rate limited.,UTD Top 3 accounting journals author-affiliation aggregate,2021-2025,The Accounting Review; Journal of Accounting and Economics; Journal of Accounting Research,"https://www.byuaccounting.net/rankings/indrank/per_ind_cnt.php?authorid=3379&authorname=Ormazabal, Gaizka",Journal of Accounting Research: 3; Journal of Accounting and Economics: 1; The Accounting Review: 1,2023: 3; 2021: 2,,Publication_count counts distinct UTD article records for this author-school affiliation.
23,Washington University in St. Louis,Jeremy Bertomeu,5,Accounting,Defaulted from UTD top-3 accounting journal sample,https://search.brave.com/search?q=Jeremy+Bertomeu+%22Washington+University+in+St.+Louis%22+SSRN,search_link,Search link provided; automated SSRN profile resolution was rate limited.,UTD Top 3 accounting journals author-affiliation aggregate,2021-2025,The Accounting Review; Journal of Accounting and Economics; Journal of Accounting Research,"https://www.byuaccounting.net/rankings/indrank/per_ind_cnt.php?authorid=3497&authorname=Bertomeu, Jeremy",Journal of Accounting and Economics: 2; The Accounting Review: 2; Journal of Accounting Research: 1,2025: 1; 2024: 1; 2023: 2; 2021: 1,Olin School of Business,Publication_count counts distinct UTD article records for this author-school affiliation.
24,Stanford University,Jinhwan Kim,5,Accounting,Defaulted from UTD top-3 accounting journal sample,https://search.brave.com/search?q=Jinhwan+Kim+%22Stanford+University%22+SSRN,search_link,Search link provided; automated SSRN profile resolution was rate limited.,UTD Top 3 accounting journals author-affiliation aggregate,2021-2025,The Accounting Review; Journal of Accounting and Economics; Journal of Accounting Research,"https://www.byuaccounting.net/rankings/indrank/per_ind_cnt.php?authorid=8875&authorname=Kim, Jinhwan",Journal of Accounting and Economics: 4; Journal of Accounting Research: 1,2025: 2; 2023: 1; 2022: 1; 2021: 1,Graduate School of Business,Publication_count counts distinct UTD article records for this author-school affiliation.
25,Stanford University,John D Kepler,5,Accounting,Defaulted from UTD top-3 accounting journal sample,https://search.brave.com/search?q=John+D+Kepler+%22Stanford+University%22+SSRN,search_link,Search link provided; automated SSRN profile resolution was rate limited.,UTD Top 3 accounting journals author-affiliation aggregate,2021-2025,The Accounting Review; Journal of Accounting and Economics; Journal of Accounting Research,"https://www.byuaccounting.net/rankings/indrank/per_ind_cnt.php?authorid=7846&authorname=Kepler, John D.",Journal of Accounting and Economics: 4; The Accounting Review: 1,2024: 2; 2022: 1; 2021: 2,Graduate School of Business,Publication_count counts distinct UTD article records for this author-school affiliation.
26,Harvard University,Jonas Heese,5,Accounting,Defaulted from UTD top-3 accounting journal sample,https://search.brave.com/search?q=Jonas+Heese+%22Harvard+University%22+SSRN,search_link,Search link provided; automated SSRN profile resolution was rate limited.,UTD Top 3 accounting journals author-affiliation aggregate,2021-2025,The Accounting Review; Journal of Accounting and Economics; Journal of Accounting Research,"https://www.byuaccounting.net/rankings/indrank/per_ind_cnt.php?authorid=7496&authorname=Heese, Jonas",The Accounting Review: 2; Journal of Accounting and Economics: 2; Journal of Accounting Research: 1,2025: 1; 2023: 1; 2021: 3,Harvard Business School,Publication_count counts distinct UTD article records for this author-school affiliation.
27,Harvard University,Joseph Pacelli,5,Financial; Other Accounting Topics; Archival; Other Methods,BYU interest areas,https://search.brave.com/search?q=Joseph+Pacelli+%22Harvard+University%22+SSRN,search_link,Search link provided; automated SSRN profile resolution was rate limited.,UTD Top 3 accounting journals author-affiliation aggregate,2021-2025,The Accounting Review; Journal of Accounting and Economics; Journal of Accounting Research,"https://www.byuaccounting.net/rankings/indrank/per_ind_cnt.php?authorid=7799&authorname=Pacelli, Joseph",The Accounting Review: 4; Journal of Accounting Research: 1,2025: 2; 2023: 2; 2022: 1,Harvard Business School,Publication_count counts distinct UTD article records for this author-school affiliation.
28,Stanford University,Jung Ho Choi,5,Financial; Managerial; Analytical; Archival; Experimental; Other Methods,BYU interest areas,https://search.brave.com/search?q=Jung+Ho+Choi+%22Stanford+University%22+SSRN,search_link,Search link provided; automated SSRN profile resolution was rate limited.,UTD Top 3 accounting journals author-affiliation aggregate,2021-2025,The Accounting Review; Journal of Accounting and Economics; Journal of Accounting Research,"https://www.byuaccounting.net/rankings/indrank/per_ind_cnt.php?authorid=9329&authorname=Choi, Jung Ho",Journal of Accounting Research: 3; Journal of Accounting and Economics: 2,2024: 1; 2023: 3; 2021: 1,Graduate School of Business,Publication_count counts distinct UTD article records for this author-school affiliation.
29,Rice University,Karthik Balakrishnan,5,Accounting,Defaulted from UTD top-3 accounting journal sample,https://search.brave.com/search?q=Karthik+Balakrishnan+%22Rice+University%22+SSRN,search_link,Search link provided; automated SSRN profile resolution was rate limited.,UTD Top 3 accounting journals author-affiliation aggregate,2021-2025,The Accounting Review; Journal of Accounting and Economics; Journal of Accounting Research,"https://www.byuaccounting.net/rankings/indrank/per_ind_cnt.php?authorid=3416&authorname=Balakrishnan, Karthik",The Accounting Review: 2; Journal of Accounting and Economics: 2; Journal of Accounting Research: 1,2023: 1; 2022: 1; 2021: 3,Jesse H. Jones Graduate School of Business,Publication_count counts distinct UTD article records for this author-school affiliation.
30,Emory University,Kathryn Kadous,5,Audit; Financial; Experimental; Other Methods,BYU interest areas,https://search.brave.com/search?q=Kathryn+Kadous+%22Emory+University%22+SSRN,search_link,Search link provided; automated SSRN profile resolution was rate limited.,UTD Top 3 accounting journals author-affiliation aggregate,2021-2025,The Accounting Review; Journal of Accounting and Economics; Journal of Accounting Research,"https://www.byuaccounting.net/rankings/indrank/per_ind_cnt.php?authorid=565&authorname=Kadous, Kathryn",The Accounting Review: 5,2024: 1; 2022: 3; 2021: 1,Goizueta Business School,Publication_count counts distinct UTD article records for this author-school affiliation.
31,University of Georgia,Kristen Valentine,5,Financial; Archival,BYU interest areas,https://search.brave.com/search?q=Kristen+Valentine+%22University+of+Georgia%22+SSRN,search_link,Search link provided; automated SSRN profile resolution was rate limited.,UTD Top 3 accounting journals author-affiliation aggregate,2021-2025,The Accounting Review; Journal of Accounting and Economics; Journal of Accounting Research,"https://www.byuaccounting.net/rankings/indrank/per_ind_cnt.php?authorid=8923&authorname=Valentine, Kristen",Journal of Accounting Research: 2; Journal of Accounting and Economics: 2; The Accounting Review: 1,2025: 1; 2023: 1; 2022: 2; 2021: 1,Terry College of Business,Publication_count counts distinct UTD article records for this author-school affiliation.
32,University of Navarra,Martin Jacob,5,Tax; Archival,BYU interest areas,https://search.brave.com/search?q=Martin+Jacob+%22University+of+Navarra%22+SSRN,search_link,Search link provided; automated SSRN profile resolution was rate limited.,UTD Top 3 accounting journals author-affiliation aggregate,2021-2025,The Accounting Review; Journal of Accounting and Economics; Journal of Accounting Research,"https://www.byuaccounting.net/rankings/indrank/per_ind_cnt.php?authorid=5617&authorname=Jacob, Martin",The Accounting Review: 2; Journal of Accounting and Economics: 2; Journal of Accounting Research: 1,2025: 4; 2024: 1,IESE Business School,Publication_count counts distinct UTD article records for this author-school affiliation.
33,University of Texas at Austin,Matthew Kubic,5,Accounting,Defaulted from UTD top-3 accounting journal sample,https://search.brave.com/search?q=Matthew+Kubic+%22University+of+Texas+at+Austin%22+SSRN,search_link,Search link provided; automated SSRN profile resolution was rate limited.,UTD Top 3 accounting journals author-affiliation aggregate,2021-2025,The Accounting Review; Journal of Accounting and Economics; Journal of Accounting Research,"https://www.byuaccounting.net/rankings/indrank/per_ind_cnt.php?authorid=9201&authorname=Kubic, Matthew",Journal of Accounting and Economics: 2; The Accounting Review: 2; Journal of Accounting Research: 1,2024: 1; 2023: 2; 2021: 2,McCombs School of Business,Publication_count counts distinct UTD article records for this author-school affiliation.
34,Columbia University,Matthias Breuer,5,Financial,BYU interest areas,https://search.brave.com/search?q=Matthias+Breuer+%22Columbia+University%22+SSRN,search_link,Search link provided; automated SSRN profile resolution was rate limited.,UTD Top 3 accounting journals author-affiliation aggregate,2021-2025,The Accounting Review; Journal of Accounting and Economics; Journal of Accounting Research,"https://www.byuaccounting.net/rankings/indrank/per_ind_cnt.php?authorid=8109&authorname=Breuer, Matthias",Journal of Accounting Research: 3; The Accounting Review: 1; Journal of Accounting and Economics: 1,2025: 2; 2024: 2; 2021: 1,Columbia Business School,Publication_count counts distinct UTD article records for this author-school affiliation.
35,Massachusetts Institute of Technology (MIT),Michelle Hanlon,5,Accounting,Defaulted from UTD top-3 accounting journal sample,https://search.brave.com/search?q=Michelle+Hanlon+%22Massachusetts+Institute+of+Technology+%28MIT%29%22+SSRN,search_link,Search link provided; automated SSRN profile resolution was rate limited.,UTD Top 3 accounting journals author-affiliation aggregate,2021-2025,The Accounting Review; Journal of Accounting and Economics; Journal of Accounting Research,"https://www.byuaccounting.net/rankings/indrank/per_ind_cnt.php?authorid=1010&authorname=Hanlon, Michelle",The Accounting Review: 4; Journal of Accounting and Economics: 1,2025: 1; 2023: 1; 2022: 1; 2021: 2,Sloan School of Management,Publication_count counts distinct UTD article records for this author-school affiliation.
36,INSEAD,Oliver Binz,5,Accounting,Defaulted from UTD top-3 accounting journal sample,https://search.brave.com/search?q=Oliver+Binz+%22INSEAD%22+SSRN,search_link,Search link provided; automated SSRN profile resolution was rate limited.,UTD Top 3 accounting journals author-affiliation aggregate,2021-2025,The Accounting Review; Journal of Accounting and Economics; Journal of Accounting Research,"https://www.byuaccounting.net/rankings/indrank/per_ind_cnt.php?authorid=9487&authorname=Binz, Oliver",Journal of Accounting and Economics: 2; Journal of Accounting Research: 2; The Accounting Review: 1,2023: 2; 2022: 3,School of Business,Publication_count counts distinct UTD article records for this author-school affiliation.
37,Stanford University,Rebecca Lester,5,Accounting,Defaulted from UTD top-3 accounting journal sample,https://search.brave.com/search?q=Rebecca+Lester+%22Stanford+University%22+SSRN,search_link,Search link provided; automated SSRN profile resolution was rate limited.,UTD Top 3 accounting journals author-affiliation aggregate,2021-2025,The Accounting Review; Journal of Accounting and Economics; Journal of Accounting Research,"https://www.byuaccounting.net/rankings/indrank/per_ind_cnt.php?authorid=5764&authorname=Lester, Rebecca",Journal of Accounting and Economics: 2; The Accounting Review: 2; Journal of Accounting Research: 1,2025: 2; 2023: 1; 2022: 1; 2021: 1,Graduate School of Business,Publication_count counts distinct UTD article records for this author-school affiliation.
38,University of Southern California,Richard G Sloan,5,Financial; Archival,BYU interest areas,https://search.brave.com/search?q=Richard+G+Sloan+%22University+of+Southern+California%22+SSRN,search_link,,UTD Top 3 accounting journals author-affiliation aggregate,2021-2025,The Accounting Review; Journal of Accounting and Economics; Journal of Accounting Research,"https://www.byuaccounting.net/rankings/indrank/per_ind_cnt.php?authorid=227&authorname=Sloan, Richard G.",The Accounting Review: 2; Journal of Accounting and Economics: 2; Journal of Accounting Research: 1,2025: 1; 2024: 2; 2022: 1; 2021: 1,Marshall School of Business (incl. Leventhal),Publication_count counts distinct UTD article records for this author-school affiliation.
39,University of Texas at Austin,Ronghuo Zheng,5,Financial; Managerial; Analytical; Archival,BYU interest areas,https://search.brave.com/search?q=Ronghuo+Zheng+%22University+of+Texas+at+Austin%22+SSRN,search_link,,UTD Top 3 accounting journals author-affiliation aggregate,2021-2025,The Accounting Review; Journal of Accounting and Economics; Journal of Accounting Research,"https://www.byuaccounting.net/rankings/indrank/per_ind_cnt.php?authorid=7844&authorname=Zheng, Ronghuo",The Accounting Review: 2; Journal of Accounting and Economics: 2; Journal of Accounting Research: 1,2025: 1; 2024: 1; 2023: 1; 2022: 1; 2021: 1,McCombs School of Business,Publication_count counts distinct UTD article records for this author-school affiliation.
40,Texas A&M University at College Station,Sarah B Stuber,5,Audit; Financial; Archival,BYU interest areas,https://search.brave.com/search?q=Sarah+B+Stuber+%22Texas+A%26M+University+at+College+Station%22+SSRN,search_link,,UTD Top 3 accounting journals author-affiliation aggregate,2021-2025,The Accounting Review; Journal of Accounting and Economics; Journal of Accounting Research,"https://www.byuaccounting.net/rankings/indrank/per_ind_cnt.php?authorid=8972&authorname=Stuber, Sarah B.",The Accounting Review: 3; Journal of Accounting and Economics: 1; Journal of Accounting Research: 1,2025: 1; 2024: 1; 2022: 2; 2021: 1,Mays Business School,Publication_count counts distinct UTD article records for this author-school affiliation.
41,University of California at Irvine,Terry Shevlin,5,Accounting,Defaulted from UTD top-3 accounting journal sample,https://search.brave.com/search?q=Terry+Shevlin+%22University+of+California+at+Irvine%22+SSRN,search_link,,UTD Top 3 accounting journals author-affiliation aggregate,2021-2025,The Accounting Review; Journal of Accounting and Economics; Journal of Accounting Research,,The Accounting Review: 3; Journal of Accounting and Economics: 2,2023: 1; 2021: 4,Paul Merage School of Business,Publication_count counts distinct UTD article records for this author-school affiliation.
42,Northeastern University,Udi Hoitash,5,AIS; Audit; Financial; Other Accounting Topics; Archival; Managerial,BYU interest areas,https://search.brave.com/search?q=Udi+Hoitash+%22Northeastern+University%22+SSRN,search_link,,UTD Top 3 accounting journals author-affiliation aggregate,2021-2025,The Accounting Review; Journal of Accounting and Economics; Journal of Accounting Research,"https://www.byuaccounting.net/rankings/indrank/per_ind_cnt.php?authorid=1589&authorname=Hoitash, Udi",The Accounting Review: 3; Journal of Accounting and Economics: 2,2025: 1; 2023: 2; 2022: 2,D'Amore-McKim School of Business,Publication_count counts distinct UTD article records for this author-school affiliation.
43,University of Florida,W Robert Knechel,5,Audit; Archival; Experimental,BYU interest areas,https://search.brave.com/search?q=W+Robert+Knechel+%22University+of+Florida%22+SSRN,search_link,,UTD Top 3 accounting journals author-affiliation aggregate,2021-2025,The Accounting Review; Journal of Accounting and Economics; Journal of Accounting Research,"https://www.byuaccounting.net/rankings/indrank/per_ind_cnt.php?authorid=595&authorname=Knechel, W. Robert",The Accounting Review: 3; Journal of Accounting Research: 2,2025: 1; 2023: 1; 2022: 1; 2021: 2,Warrington College of Business,Publication_count counts distinct UTD article records for this author-school affiliation.
44,University of North Carolina at Chapel Hill,Wayne R Landsman,5,Accounting,Defaulted from UTD top-3 accounting journal sample,https://search.brave.com/search?q=Wayne+R+Landsman+%22University+of+North+Carolina+at+Chapel+Hill%22+SSRN,search_link,,UTD Top 3 accounting journals author-affiliation aggregate,2021-2025,The Accounting Review; Journal of Accounting and Economics; Journal of Accounting Research,"https://www.byuaccounting.net/rankings/indrank/per_ind_cnt.php?authorid=1215&authorname=Landsman, Wayne R.",The Accounting Review: 3; Journal of Accounting and Economics: 2,2025: 1; 2024: 2; 2022: 2,Kenan-Flagler Business School,Publication_count counts distinct UTD article records for this author-school affiliation.
45,Ohio State University,Anil Arya,4,Financial; Managerial; Other Accounting Topics,BYU interest areas,https://search.brave.com/search?q=Anil+Arya+%22Ohio+State+University%22+SSRN,search_link,Search link provided; automated SSRN profile resolution was rate limited.,UTD Top 3 accounting journals author-affiliation aggregate,2021-2025,The Accounting Review; Journal of Accounting and Economics; Journal of Accounting Research,"https://www.byuaccounting.net/rankings/indrank/per_ind_cnt.php?authorid=2152&authorname=Arya, Anil",The Accounting Review: 3; Journal of Accounting and Economics: 1,2025: 1; 2024: 1; 2022: 2,Fisher College of Business,Publication_count counts distinct UTD article records for this author-school affiliation.
46,University of Utah,Atif Ellahie,4,Financial; Managerial; Archival,BYU interest areas,https://search.brave.com/search?q=Atif+Ellahie+%22University+of+Utah%22+SSRN,search_link,Search link provided; automated SSRN profile resolution was rate limited.,UTD Top 3 accounting journals author-affiliation aggregate,2021-2025,The Accounting Review; Journal of Accounting and Economics; Journal of Accounting Research,"https://www.byuaccounting.net/rankings/indrank/per_ind_cnt.php?authorid=7513&authorname=Ellahie, Atif",Journal of Accounting Research: 2; Journal of Accounting and Economics: 1; The Accounting Review: 1,2024: 1; 2022: 2; 2021: 1,David Eccles School of Business,Publication_count counts distinct UTD article records for this author-school affiliation.
47,University of Kentucky,Benjamin P Commerford,4,Audit; Financial; Experimental; Other Methods,BYU interest areas,https://search.brave.com/search?q=Benjamin+P+Commerford+%22University+of+Kentucky%22+SSRN,search_link,Search link provided; automated SSRN profile resolution was rate limited.,UTD Top 3 accounting journals author-affiliation aggregate,2021-2025,The Accounting Review; Journal of Accounting and Economics; Journal of Accounting Research,"https://www.byuaccounting.net/rankings/indrank/per_ind_cnt.php?authorid=6898&authorname=Commerford, Benjamin P.",The Accounting Review: 3; Journal of Accounting Research: 1,2025: 1; 2023: 1; 2022: 1; 2021: 1,Gatton College of Business and Economics,Publication_count counts distinct UTD article records for this author-school affiliation.
48,New York University (NYU),Christine Cuny,4,Accounting,Defaulted from UTD top-3 accounting journal sample,https://search.brave.com/search?q=Christine+Cuny+%22New+York+University+%28NYU%29%22+SSRN,search_link,Search link provided; automated SSRN profile resolution was rate limited.,UTD Top 3 accounting journals author-affiliation aggregate,2021-2025,The Accounting Review; Journal of Accounting and Economics; Journal of Accounting Research,"https://www.byuaccounting.net/rankings/indrank/per_ind_cnt.php?authorid=6825&authorname=Cuny, Christine",Journal of Accounting Research: 2; Journal of Accounting and Economics: 1; The Accounting Review: 1,2025: 2; 2021: 2,Leonard N Stern School of Business,Publication_count counts distinct UTD article records for this author-school affiliation.
49,Stanford University,Christoher S. Armstrong,4,Accounting,Defaulted from UTD top-3 accounting journal sample,https://search.brave.com/search?q=Christoher+S.+Armstrong+%22Stanford+University%22+SSRN,search_link,Search link provided; automated SSRN profile resolution was rate limited.,UTD Top 3 accounting journals author-affiliation aggregate,2021-2025,The Accounting Review; Journal of Accounting and Economics; Journal of Accounting Research,,The Accounting Review: 3; Journal of Accounting and Economics: 1,2025: 2; 2024: 1; 2023: 1,Graduate School of Business,Publication_count counts distinct UTD article records for this author-school affiliation.
50,University of Minnesota at Twin Cities,Cyrus Aghamolla,4,Accounting,Defaulted from UTD top-3 accounting journal sample,https://search.brave.com/search?q=Cyrus+Aghamolla+%22University+of+Minnesota+at+Twin+Cities%22+SSRN,search_link,Search link provided; automated SSRN profile resolution was rate limited.,UTD Top 3 accounting journals author-affiliation aggregate,2021-2025,The Accounting Review; Journal of Accounting and Economics; Journal of Accounting Research,"https://www.byuaccounting.net/rankings/indrank/per_ind_cnt.php?authorid=7781&authorname=Aghamolla, Cyrus",Journal of Accounting Research: 2; Journal of Accounting and Economics: 1; The Accounting Review: 1,2023: 1; 2022: 1; 2021: 2,Carlson School of Management,Publication_count counts distinct UTD article records for this author-school affiliation.
51,University of Iowa,Dain C Donelson,4,Financial; Archival,BYU interest areas,https://search.brave.com/search?q=Dain+C+Donelson+%22University+of+Iowa%22+SSRN,search_link,Search link provided; automated SSRN profile resolution was rate limited.,UTD Top 3 accounting journals author-affiliation aggregate,2021-2025,The Accounting Review; Journal of Accounting and Economics; Journal of Accounting Research,"https://www.byuaccounting.net/rankings/indrank/per_ind_cnt.php?authorid=3499&authorname=Donelson, Dain C.",Journal of Accounting and Economics: 2; The Accounting Review: 2,2024: 1; 2022: 2; 2021: 1,Henry B. Tippie College of Business,Publication_count counts distinct UTD article records for this author-school affiliation.
52,University of Chicago,Delphine Samuels,4,Accounting,Defaulted from UTD top-3 accounting journal sample,https://search.brave.com/search?q=Delphine+Samuels+%22University+of+Chicago%22+SSRN,search_link,Search link provided; automated SSRN profile resolution was rate limited.,UTD Top 3 accounting journals author-affiliation aggregate,2021-2025,The Accounting Review; Journal of Accounting and Economics; Journal of Accounting Research,"https://www.byuaccounting.net/rankings/indrank/per_ind_cnt.php?authorid=6904&authorname=Samuels, Delphine",Journal of Accounting and Economics: 2; The Accounting Review: 1; Journal of Accounting Research: 1,2025: 1; 2023: 1; 2022: 1; 2021: 1,Booth School of Business,Publication_count counts distinct UTD article records for this author-school affiliation.
53,Stanford University,Ed deHaan,4,Financial; Managerial; Archival,BYU interest areas,https://search.brave.com/search?q=Ed+deHaan+%22Stanford+University%22+SSRN,search_link,Search link provided; automated SSRN profile resolution was rate limited.,UTD Top 3 accounting journals author-affiliation aggregate,2021-2025,The Accounting Review; Journal of Accounting and Economics; Journal of Accounting Research,"https://www.byuaccounting.net/rankings/indrank/per_ind_cnt.php?authorid=5368&authorname=deHaan, Ed",The Accounting Review: 2; Journal of Accounting Research: 1; Journal of Accounting and Economics: 1,2025: 1; 2024: 2; 2023: 1,Graduate School of Business,Publication_count counts distinct UTD article records for this author-school affiliation.
54,Duke University,Elia Ferracuti,4,Financial; Managerial; Archival,BYU interest areas,https://search.brave.com/search?q=Elia+Ferracuti+%22Duke+University%22+SSRN,search_link,Search link provided; automated SSRN profile resolution was rate limited.,UTD Top 3 accounting journals author-affiliation aggregate,2021-2025,The Accounting Review; Journal of Accounting and Economics; Journal of Accounting Research,"https://www.byuaccounting.net/rankings/indrank/per_ind_cnt.php?authorid=8464&authorname=Ferracuti, Elia",The Accounting Review: 2; Journal of Accounting and Economics: 2,2025: 2; 2023: 1; 2022: 1,The Fuqua School of Business,Publication_count counts distinct UTD article records for this author-school affiliation.
55,Indiana University at Bloomington,Eric R Holzman,4,Accounting,Defaulted from UTD top-3 accounting journal sample,https://search.brave.com/search?q=Eric+R+Holzman+%22Indiana+University+at+Bloomington%22+SSRN,search_link,Search link provided; automated SSRN profile resolution was rate limited.,UTD Top 3 accounting journals author-affiliation aggregate,2021-2025,The Accounting Review; Journal of Accounting and Economics; Journal of Accounting Research,,The Accounting Review: 3; Journal of Accounting and Economics: 1,2025: 1; 2024: 2; 2023: 1,Kelley School of Business,Publication_count counts distinct UTD article records for this author-school affiliation.
56,University of Texas at Austin,Eric W Chan,4,Managerial; Experimental,BYU interest areas,https://search.brave.com/search?q=Eric+W+Chan+%22University+of+Texas+at+Austin%22+SSRN,search_link,Search link provided; automated SSRN profile resolution was rate limited.,UTD Top 3 accounting journals author-affiliation aggregate,2021-2025,The Accounting Review; Journal of Accounting and Economics; Journal of Accounting Research,"https://www.byuaccounting.net/rankings/indrank/per_ind_cnt.php?authorid=7665&authorname=Chan, Eric W.",The Accounting Review: 3; Journal of Accounting Research: 1,2023: 1; 2022: 1; 2021: 2,McCombs School of Business,Publication_count counts distinct UTD article records for this author-school affiliation.
57,University of North Carolina at Chapel Hill,Eva Labro,4,Managerial; Analytical; Archival; Other Methods,BYU interest areas,https://search.brave.com/search?q=Eva+Labro+%22University+of+North+Carolina+at+Chapel+Hill%22+SSRN,search_link,Search link provided; automated SSRN profile resolution was rate limited.,UTD Top 3 accounting journals author-affiliation aggregate,2021-2025,The Accounting Review; Journal of Accounting and Economics; Journal of Accounting Research,"https://www.byuaccounting.net/rankings/indrank/per_ind_cnt.php?authorid=926&authorname=Labro, Eva",The Accounting Review: 2; Journal of Accounting Research: 1; Journal of Accounting and Economics: 1,2025: 2; 2024: 1; 2023: 1,Kenan-Flagler Business School,Publication_count counts distinct UTD article records for this author-school affiliation.
58,University of Mannheim,Felix W Vetter,4,Accounting,Defaulted from UTD top-3 accounting journal sample,https://search.brave.com/search?q=Felix+W+Vetter+%22University+of+Mannheim%22+SSRN,search_link,Search link provided; automated SSRN profile resolution was rate limited.,UTD Top 3 accounting journals author-affiliation aggregate,2021-2025,The Accounting Review; Journal of Accounting and Economics; Journal of Accounting Research,,Journal of Accounting Research: 2; The Accounting Review: 1; Journal of Accounting and Economics: 1,2024: 3; 2021: 1,Business School,Publication_count counts distinct UTD article records for this author-school affiliation.
59,University of Hong Kong,Guoman She,4,Accounting,Defaulted from UTD top-3 accounting journal sample,https://search.brave.com/search?q=Guoman+She+%22University+of+Hong+Kong%22+SSRN,search_link,Search link provided; automated SSRN profile resolution was rate limited.,UTD Top 3 accounting journals author-affiliation aggregate,2021-2025,The Accounting Review; Journal of Accounting and Economics; Journal of Accounting Research,"https://www.byuaccounting.net/rankings/indrank/per_ind_cnt.php?authorid=8696&authorname=She, Guoman",Journal of Accounting and Economics: 2; The Accounting Review: 2,2025: 1; 2024: 2; 2022: 1,Faculty of Business and Economics / HKU Business School),Publication_count counts distinct UTD article records for this author-school affiliation.
60,Tulane University,Gus De Franco,4,Accounting,Defaulted from UTD top-3 accounting journal sample,https://search.brave.com/search?q=Gus+De+Franco+%22Tulane+University%22+SSRN,search_link,Search link provided; automated SSRN profile resolution was rate limited.,UTD Top 3 accounting journals author-affiliation aggregate,2021-2025,The Accounting Review; Journal of Accounting and Economics; Journal of Accounting Research,"https://www.byuaccounting.net/rankings/indrank/per_ind_cnt.php?authorid=1496&authorname=De Franco, Gus",Journal of Accounting and Economics: 3; The Accounting Review: 1,2023: 3; 2021: 1,A. B. Freeman School of Business,Publication_count counts distinct UTD article records for this author-school affiliation.
61,University of Michigan at Ann Arbor,Gwen Yu,4,Accounting,Defaulted from UTD top-3 accounting journal sample,https://search.brave.com/search?q=Gwen+Yu+%22University+of+Michigan+at+Ann+Arbor%22+SSRN,search_link,Search link provided; automated SSRN profile resolution was rate limited.,UTD Top 3 accounting journals author-affiliation aggregate,2021-2025,The Accounting Review; Journal of Accounting and Economics; Journal of Accounting Research,"https://www.byuaccounting.net/rankings/indrank/per_ind_cnt.php?authorid=5511&authorname=Yu, Gwen",Journal of Accounting and Economics: 3; The Accounting Review: 1,2024: 1; 2022: 2; 2021: 1,Ross School of Business,Publication_count counts distinct UTD article records for this author-school affiliation.
62,University of Chicago,Haresh Sapra,4,Accounting,Defaulted from UTD top-3 accounting journal sample,https://search.brave.com/search?q=Haresh+Sapra+%22University+of+Chicago%22+SSRN,search_link,Search link provided; automated SSRN profile resolution was rate limited.,UTD Top 3 accounting journals author-affiliation aggregate,2021-2025,The Accounting Review; Journal of Accounting and Economics; Journal of Accounting Research,"https://www.byuaccounting.net/rankings/indrank/per_ind_cnt.php?authorid=380&authorname=Sapra, Haresh",Journal of Accounting Research: 3; The Accounting Review: 1,2025: 1; 2024: 1; 2023: 2,Booth School of Business,Publication_count counts distinct UTD article records for this author-school affiliation.
63,University of Iowa,Jaron H Wilde,4,Financial; Tax; Archival,BYU interest areas,https://search.brave.com/search?q=Jaron+H+Wilde+%22University+of+Iowa%22+SSRN,search_link,Search link provided; automated SSRN profile resolution was rate limited.,UTD Top 3 accounting journals author-affiliation aggregate,2021-2025,The Accounting Review; Journal of Accounting and Economics; Journal of Accounting Research,"https://www.byuaccounting.net/rankings/indrank/per_ind_cnt.php?authorid=5523&authorname=Wilde, Jaron H.",Journal of Accounting and Economics: 2; The Accounting Review: 2,2025: 1; 2024: 2; 2022: 1,Henry B. Tippie College of Business,Publication_count counts distinct UTD article records for this author-school affiliation.
64,Pennsylvania State University at State College (Penn State),Jed J Neilson,4,Financial; Archival,BYU interest areas,https://search.brave.com/search?q=Jed+J+Neilson+%22Pennsylvania+State+University+at+State+College+%28Penn+State%29%22+SSRN,search_link,Search link provided; automated SSRN profile resolution was rate limited.,UTD Top 3 accounting journals author-affiliation aggregate,2021-2025,The Accounting Review; Journal of Accounting and Economics; Journal of Accounting Research,"https://www.byuaccounting.net/rankings/indrank/per_ind_cnt.php?authorid=9008&authorname=Neilson, Jed J.",Journal of Accounting Research: 2; The Accounting Review: 1; Journal of Accounting and Economics: 1,2023: 1; 2022: 2; 2021: 1,Smeal College of Business,Publication_count counts distinct UTD article records for this author-school affiliation.
65,University of North Carolina at Chapel Hill,Jeffrey L. Hoopes,4,Tax; Other Methods,BYU interest areas,https://search.brave.com/search?q=Jeffrey+L.+Hoopes+%22University+of+North+Carolina+at+Chapel+Hill%22+SSRN,search_link,Search link provided; automated SSRN profile resolution was rate limited.,UTD Top 3 accounting journals author-affiliation aggregate,2021-2025,The Accounting Review; Journal of Accounting and Economics; Journal of Accounting Research,"https://www.byuaccounting.net/rankings/indrank/per_ind_cnt.php?authorid=4473&authorname=Hoopes, Jeffrey L.",Journal of Accounting and Economics: 2; The Accounting Review: 2,2025: 1; 2024: 2; 2023: 1,Kenan-Flagler Business School,Publication_count counts distinct UTD article records for this author-school affiliation.
66,University of Texas at Austin,John McInnis,4,Accounting,Defaulted from UTD top-3 accounting journal sample,https://search.brave.com/search?q=John+McInnis+%22University+of+Texas+at+Austin%22+SSRN,search_link,Search link provided; automated SSRN profile resolution was rate limited.,UTD Top 3 accounting journals author-affiliation aggregate,2021-2025,The Accounting Review; Journal of Accounting and Economics; Journal of Accounting Research,,Journal of Accounting and Economics: 3; The Accounting Review: 1,2025: 2; 2022: 1; 2021: 1,McCombs School of Business,Publication_count counts distinct UTD article records for this author-school affiliation.
67,Duke University,Katherine Schipper,4,Accounting,Defaulted from UTD top-3 accounting journal sample,https://search.brave.com/search?q=Katherine+Schipper+%22Duke+University%22+SSRN,search_link,Search link provided; automated SSRN profile resolution was rate limited.,UTD Top 3 accounting journals author-affiliation aggregate,2021-2025,The Accounting Review; Journal of Accounting and Economics; Journal of Accounting Research,"https://www.byuaccounting.net/rankings/indrank/per_ind_cnt.php?authorid=546&authorname=Schipper, Katherine",The Accounting Review: 2; Journal of Accounting and Economics: 1; Journal of Accounting Research: 1,2025: 1; 2023: 1; 2022: 2,The Fuqua School of Business,Publication_count counts distinct UTD article records for this author-school affiliation.
68,Stanford University,Kevin C Smith,4,Accounting,Defaulted from UTD top-3 accounting journal sample,https://search.brave.com/search?q=Kevin+C+Smith+%22Stanford+University%22+SSRN,search_link,Search link provided; automated SSRN profile resolution was rate limited.,UTD Top 3 accounting journals author-affiliation aggregate,2021-2025,The Accounting Review; Journal of Accounting and Economics; Journal of Accounting Research,"https://www.byuaccounting.net/rankings/indrank/per_ind_cnt.php?authorid=7413&authorname=Smith, Kevin C.",The Accounting Review: 2; Journal of Accounting Research: 1; Journal of Accounting and Economics: 1,2025: 1; 2023: 1; 2022: 1; 2021: 1,Graduate School of Business,Publication_count counts distinct UTD article records for this author-school affiliation.
69,University of Texas at Austin,Lisa De Simone,4,Tax; Archival,BYU interest areas,https://search.brave.com/search?q=Lisa+De+Simone+%22University+of+Texas+at+Austin%22+SSRN,search_link,Search link provided; automated SSRN profile resolution was rate limited.,UTD Top 3 accounting journals author-affiliation aggregate,2021-2025,The Accounting Review; Journal of Accounting and Economics; Journal of Accounting Research,"https://www.byuaccounting.net/rankings/indrank/per_ind_cnt.php?authorid=5322&authorname=De Simone, Lisa",The Accounting Review: 2; Journal of Accounting Research: 1; Journal of Accounting and Economics: 1,2025: 1; 2023: 1; 2022: 2,McCombs School of Business,Publication_count counts distinct UTD article records for this author-school affiliation.
70,Tilburg University,Lucas Mahieux,4,Accounting,Defaulted from UTD top-3 accounting journal sample,https://search.brave.com/search?q=Lucas+Mahieux+%22Tilburg+University%22+SSRN,search_link,Search link provided; automated SSRN profile resolution was rate limited.,UTD Top 3 accounting journals author-affiliation aggregate,2021-2025,The Accounting Review; Journal of Accounting and Economics; Journal of Accounting Research,"https://www.byuaccounting.net/rankings/indrank/per_ind_cnt.php?authorid=9102&authorname=Mahieux, Lucas",Journal of Accounting Research: 3; The Accounting Review: 1,2025: 1; 2023: 2; 2021: 1,(TiSEM) School of Economics and Management (incl. Econometrics and Operations Research depts.),Publication_count counts distinct UTD article records for this author-school affiliation.
71,Cornell University,Luo Zuo,4,Audit; Financial; Tax; Archival,BYU interest areas,https://search.brave.com/search?q=Luo+Zuo+%22Cornell+University%22+SSRN,search_link,Search link provided; automated SSRN profile resolution was rate limited.,UTD Top 3 accounting journals author-affiliation aggregate,2021-2025,The Accounting Review; Journal of Accounting and Economics; Journal of Accounting Research,"https://www.byuaccounting.net/rankings/indrank/per_ind_cnt.php?authorid=5313&authorname=Zuo, Luo",Journal of Accounting and Economics: 2; Journal of Accounting Research: 1; The Accounting Review: 1,2024: 1; 2023: 1; 2022: 2,"SC Johnson College of Business, Johnson Graduate School of Management (Incl. Dyson and Nolan)",Publication_count counts distinct UTD article records for this author-school affiliation.
72,University of Hong Kong,Lynn Linghuan Wang,4,Financial; Archival,BYU interest areas,https://search.brave.com/search?q=Lynn+Linghuan+Wang+%22University+of+Hong+Kong%22+SSRN,search_link,Search link provided; automated SSRN profile resolution was rate limited.,UTD Top 3 accounting journals author-affiliation aggregate,2021-2025,The Accounting Review; Journal of Accounting and Economics; Journal of Accounting Research,"https://www.byuaccounting.net/rankings/indrank/per_ind_cnt.php?authorid=10036&authorname=Wang, Lynn Linghuan",The Accounting Review: 2; Journal of Accounting and Economics: 1; Journal of Accounting Research: 1,2024: 2; 2023: 2,Faculty of Business and Economics / HKU Business School),Publication_count counts distinct UTD article records for this author-school affiliation.
73,WHU,Martin Jacob,4,Tax; Archival,BYU interest areas,https://search.brave.com/search?q=Martin+Jacob+%22WHU%22+SSRN,search_link,Search link provided; automated SSRN profile resolution was rate limited.,UTD Top 3 accounting journals author-affiliation aggregate,2021-2025,The Accounting Review; Journal of Accounting and Economics; Journal of Accounting Research,"https://www.byuaccounting.net/rankings/indrank/per_ind_cnt.php?authorid=5617&authorname=Jacob, Martin",The Accounting Review: 3; Journal of Accounting and Economics: 1,2023: 2; 2022: 2,Otto Beisheim School of Management - School of Management,Publication_count counts distinct UTD article records for this author-school affiliation.
74,Boston College,Mary Ellen Carter,4,Financial; Managerial; Archival,BYU interest areas,https://search.brave.com/search?q=Mary+Ellen+Carter+%22Boston+College%22+SSRN,search_link,Search link provided; automated SSRN profile resolution was rate limited.,UTD Top 3 accounting journals author-affiliation aggregate,2021-2025,The Accounting Review; Journal of Accounting and Economics; Journal of Accounting Research,"https://www.byuaccounting.net/rankings/indrank/per_ind_cnt.php?authorid=2230&authorname=Carter, Mary Ellen",Journal of Accounting and Economics: 2; The Accounting Review: 2,2025: 1; 2024: 1; 2021: 2,Carroll School of Management,Publication_count counts distinct UTD article records for this author-school affiliation.
75,University at Buffalo / State University of New York (SUNY) at Buffalo,Michael Dambra,4,Financial; Archival; Managerial; Other Accounting Topics,BYU interest areas,https://search.brave.com/search?q=Michael+Dambra+%22University+at+Buffalo+%2F+State+University+of+New+York+%28SUNY%29+at+Buffalo%22+SSRN,search_link,Search link provided; automated SSRN profile resolution was rate limited.,UTD Top 3 accounting journals author-affiliation aggregate,2021-2025,The Accounting Review; Journal of Accounting and Economics; Journal of Accounting Research,"https://www.byuaccounting.net/rankings/indrank/per_ind_cnt.php?authorid=5172&authorname=Dambra, Michael",The Accounting Review: 2; Journal of Accounting Research: 1; Journal of Accounting and Economics: 1,2024: 1; 2023: 3,School of Management,Publication_count counts distinct UTD article records for this author-school affiliation.
76,Duke University,Mohan Venkatachalam,4,Accounting,Defaulted from UTD top-3 accounting journal sample,https://search.brave.com/search?q=Mohan+Venkatachalam+%22Duke+University%22+SSRN,search_link,Search link provided; automated SSRN profile resolution was rate limited.,UTD Top 3 accounting journals author-affiliation aggregate,2021-2025,The Accounting Review; Journal of Accounting and Economics; Journal of Accounting Research,"https://www.byuaccounting.net/rankings/indrank/per_ind_cnt.php?authorid=547&authorname=Venkatachalam, Mohan",Journal of Accounting and Economics: 2; The Accounting Review: 1; Journal of Accounting Research: 1,2024: 1; 2022: 2; 2021: 1,The Fuqua School of Business,Publication_count counts distinct UTD article records for this author-school affiliation.
77,Massachusetts Institute of Technology (MIT),Nemit Shroff,4,Accounting,Defaulted from UTD top-3 accounting journal sample,https://search.brave.com/search?q=Nemit+Shroff+%22Massachusetts+Institute+of+Technology+%28MIT%29%22+SSRN,search_link,Search link provided; automated SSRN profile resolution was rate limited.,UTD Top 3 accounting journals author-affiliation aggregate,2021-2025,The Accounting Review; Journal of Accounting and Economics; Journal of Accounting Research,"https://www.byuaccounting.net/rankings/indrank/per_ind_cnt.php?authorid=5353&authorname=Shroff, Nemit",Journal of Accounting and Economics: 3; Journal of Accounting Research: 1,2025: 1; 2023: 2; 2022: 1,Sloan School of Management,Publication_count counts distinct UTD article records for this author-school affiliation.
78,University of Texas at Dallas,Ningzhong Li,4,Financial; Archival,BYU interest areas,https://search.brave.com/search?q=Ningzhong+Li+%22University+of+Texas+at+Dallas%22+SSRN,search_link,Search link provided; automated SSRN profile resolution was rate limited.,UTD Top 3 accounting journals author-affiliation aggregate,2021-2025,The Accounting Review; Journal of Accounting and Economics; Journal of Accounting Research,"https://www.byuaccounting.net/rankings/indrank/per_ind_cnt.php?authorid=3365&authorname=Li, Ningzhong",The Accounting Review: 4,2024: 2; 2023: 1; 2021: 1,Naveen Jindal School of Management,Publication_count counts distinct UTD article records for this author-school affiliation.
79,University of Iowa,Paul Hribar,4,Financial; Archival,BYU interest areas,https://search.brave.com/search?q=Paul+Hribar+%22University+of+Iowa%22+SSRN,search_link,Search link provided; automated SSRN profile resolution was rate limited.,UTD Top 3 accounting journals author-affiliation aggregate,2021-2025,The Accounting Review; Journal of Accounting and Economics; Journal of Accounting Research,"https://www.byuaccounting.net/rankings/indrank/per_ind_cnt.php?authorid=840&authorname=Hribar, Paul",Journal of Accounting Research: 2; Journal of Accounting and Economics: 1; The Accounting Review: 1,2024: 1; 2023: 1; 2022: 1; 2021: 1,Henry B. Tippie College of Business,Publication_count counts distinct UTD article records for this author-school affiliation.
80,University of Utah,Rachel M Hayes,4,Accounting,Defaulted from UTD top-3 accounting journal sample,https://search.brave.com/search?q=Rachel+M+Hayes+%22University+of+Utah%22+SSRN,search_link,Search link provided; automated SSRN profile resolution was rate limited.,UTD Top 3 accounting journals author-affiliation aggregate,2021-2025,The Accounting Review; Journal of Accounting and Economics; Journal of Accounting Research,"https://www.byuaccounting.net/rankings/indrank/per_ind_cnt.php?authorid=373&authorname=Hayes, Rachel M.",Journal of Accounting Research: 2; The Accounting Review: 2,2025: 1; 2023: 1; 2022: 1; 2021: 1,David Eccles School of Business,Publication_count counts distinct UTD article records for this author-school affiliation.
81,University of Southern California,Regina Wittenberg-Moerman,4,Accounting,Defaulted from UTD top-3 accounting journal sample,https://search.brave.com/search?q=Regina+Wittenberg-Moerman+%22University+of+Southern+California%22+SSRN,search_link,Search link provided; automated SSRN profile resolution was rate limited.,UTD Top 3 accounting journals author-affiliation aggregate,2021-2025,The Accounting Review; Journal of Accounting and Economics; Journal of Accounting Research,"https://www.byuaccounting.net/rankings/indrank/per_ind_cnt.php?authorid=3105&authorname=Wittenberg-Moerman, Regina",Journal of Accounting and Economics: 2; The Accounting Review: 2,2023: 1; 2022: 1; 2021: 2,Marshall School of Business (incl. Leventhal),Publication_count counts distinct UTD article records for this author-school affiliation.
82,University of Chicago,Rimmy E Tomy,4,Accounting,Defaulted from UTD top-3 accounting journal sample,https://search.brave.com/search?q=Rimmy+E+Tomy+%22University+of+Chicago%22+SSRN,search_link,,UTD Top 3 accounting journals author-affiliation aggregate,2021-2025,The Accounting Review; Journal of Accounting and Economics; Journal of Accounting Research,"https://www.byuaccounting.net/rankings/indrank/per_ind_cnt.php?authorid=7958&authorname=Tomy, Rimmy E.",Journal of Accounting Research: 3; Journal of Accounting and Economics: 1,2024: 2; 2023: 1; 2022: 1,Booth School of Business,Publication_count counts distinct UTD article records for this author-school affiliation.
83,Cornell University,Robert J Bloomfield,4,Accounting,Defaulted from UTD top-3 accounting journal sample,https://search.brave.com/search?q=Robert+J+Bloomfield+%22Cornell+University%22+SSRN,search_link,,UTD Top 3 accounting journals author-affiliation aggregate,2021-2025,The Accounting Review; Journal of Accounting and Economics; Journal of Accounting Research,"https://www.byuaccounting.net/rankings/indrank/per_ind_cnt.php?authorid=457&authorname=Bloomfield, Robert J.",The Accounting Review: 4,2025: 1; 2021: 3,"SC Johnson College of Business, Johnson Graduate School of Management (Incl. Dyson and Nolan)",Publication_count counts distinct UTD article records for this author-school affiliation.
84,Massachusetts Institute of Technology (MIT),Rodrigo S Verdi,4,Accounting,Defaulted from UTD top-3 accounting journal sample,https://search.brave.com/search?q=Rodrigo+S+Verdi+%22Massachusetts+Institute+of+Technology+%28MIT%29%22+SSRN,search_link,,UTD Top 3 accounting journals author-affiliation aggregate,2021-2025,The Accounting Review; Journal of Accounting and Economics; Journal of Accounting Research,"https://www.byuaccounting.net/rankings/indrank/per_ind_cnt.php?authorid=1073&authorname=Verdi, Rodrigo S.",Journal of Accounting and Economics: 2; The Accounting Review: 2,2025: 1; 2024: 1; 2023: 1; 2021: 1,Sloan School of Management,Publication_count counts distinct UTD article records for this author-school affiliation.
85,New York University (NYU),Stephen G Ryan,4,Financial; Archival,BYU interest areas,https://search.brave.com/search?q=Stephen+G+Ryan+%22New+York+University+%28NYU%29%22+SSRN,search_link,,UTD Top 3 accounting journals author-affiliation aggregate,2021-2025,The Accounting Review; Journal of Accounting and Economics; Journal of Accounting Research,"https://www.byuaccounting.net/rankings/indrank/per_ind_cnt.php?authorid=1203&authorname=Ryan, Stephen G.",The Accounting Review: 2; Journal of Accounting Research: 2,2025: 2; 2022: 1; 2021: 1,Leonard N Stern School of Business,Publication_count counts distinct UTD article records for this author-school affiliation.
86,Temple University,Sudipta Basu,4,Audit; Financial; Managerial; Other Accounting Topics; Archival; Experimental; Other Methods,BYU interest areas,https://search.brave.com/search?q=Sudipta+Basu+%22Temple+University%22+SSRN,search_link,,UTD Top 3 accounting journals author-affiliation aggregate,2021-2025,The Accounting Review; Journal of Accounting and Economics; Journal of Accounting Research,"https://www.byuaccounting.net/rankings/indrank/per_ind_cnt.php?authorid=2480&authorname=Basu, Sudipta",The Accounting Review: 3; Journal of Accounting and Economics: 1,2025: 1; 2024: 1; 2023: 1; 2022: 1,The Fox School of Business and Management,Publication_count counts distinct UTD article records for this author-school affiliation.
87,University of Auckland,W Robert Knechel,4,Audit; Archival; Experimental,BYU interest areas,https://search.brave.com/search?q=W+Robert+Knechel+%22University+of+Auckland%22+SSRN,search_link,,UTD Top 3 accounting journals author-affiliation aggregate,2021-2025,The Accounting Review; Journal of Accounting and Economics; Journal of Accounting Research,"https://www.byuaccounting.net/rankings/indrank/per_ind_cnt.php?authorid=595&authorname=Knechel, W. Robert",Journal of Accounting Research: 2; The Accounting Review: 2,2023: 1; 2022: 1; 2021: 2,The University of Auckland Business School,Publication_count counts distinct UTD article records for this author-school affiliation.
88,National University of Singapore (NUS),Yupeng Lin,4,Financial; Tax; Archival,BYU interest areas,https://search.brave.com/search?q=Yupeng+Lin+%22National+University+of+Singapore+%28NUS%29%22+SSRN,search_link,,UTD Top 3 accounting journals author-affiliation aggregate,2021-2025,The Accounting Review; Journal of Accounting and Economics; Journal of Accounting Research,"https://www.byuaccounting.net/rankings/indrank/per_ind_cnt.php?authorid=6675&authorname=Lin, Yupeng",Journal of Accounting and Economics: 2; The Accounting Review: 2,2025: 1; 2024: 1; 2023: 1; 2021: 1,NUS Business School,Publication_count counts distinct UTD article records for this author-school affiliation.
89,University of Colorado at Boulder,A Nicole Skinner,3,Accounting,Defaulted from UTD top-3 accounting journal sample,https://search.brave.com/search?q=%22A+Nicole+Skinner%22+%22University+of+Colorado+at+Boulder%22+SSRN,search_link,No high-confidence SSRN author page found by automated search.,UTD Top 3 accounting journals author-affiliation aggregate,2021-2025,The Accounting Review; Journal of Accounting and Economics; Journal of Accounting Research,"https://www.byuaccounting.net/rankings/indrank/per_ind_cnt.php?authorid=9376&authorname=Skinner, A. Nicole",The Accounting Review: 3,2025: 1; 2024: 2,Leeds School of Business,Publication_count counts distinct UTD article records for this author-school affiliation.
90,University of Georgia,A Nicole Skinner,3,Accounting,Defaulted from UTD top-3 accounting journal sample,https://search.brave.com/search?q=A+Nicole+Skinner+%22University+of+Georgia%22+SSRN,search_link,Search link provided; automated SSRN profile resolution was rate limited.,UTD Top 3 accounting journals author-affiliation aggregate,2021-2025,The Accounting Review; Journal of Accounting and Economics; Journal of Accounting Research,"https://www.byuaccounting.net/rankings/indrank/per_ind_cnt.php?authorid=9376&authorname=Skinner, A. Nicole",The Accounting Review: 2; Journal of Accounting Research: 1,2023: 1; 2022: 2,Terry College of Business,Publication_count counts distinct UTD article records for this author-school affiliation.
91,Northwestern University,Aaron Yoon,3,Accounting,Defaulted from UTD top-3 accounting journal sample,https://search.brave.com/search?q=Aaron+Yoon+%22Northwestern+University%22+SSRN,search_link,Search link provided; automated SSRN profile resolution was rate limited.,UTD Top 3 accounting journals author-affiliation aggregate,2021-2025,The Accounting Review; Journal of Accounting and Economics; Journal of Accounting Research,,The Accounting Review: 2; Journal of Accounting and Economics: 1,2025: 2; 2021: 1,Kellogg School of Management,Publication_count counts distinct UTD article records for this author-school affiliation.
92,Hong Kong University of Science and Technology (HKUST),Allen H Huang,3,Accounting,Defaulted from UTD top-3 accounting journal sample,https://search.brave.com/search?q=Allen+H+Huang+%22Hong+Kong+University+of+Science+and+Technology+%28HKUST%29%22+SSRN,search_link,Search link provided; automated SSRN profile resolution was rate limited.,UTD Top 3 accounting journals author-affiliation aggregate,2021-2025,The Accounting Review; Journal of Accounting and Economics; Journal of Accounting Research,"https://www.byuaccounting.net/rankings/indrank/per_ind_cnt.php?authorid=1601&authorname=Huang, Allen H.",The Accounting Review: 1; Journal of Accounting Research: 1; Journal of Accounting and Economics: 1,2023: 1; 2022: 2,Business School,Publication_count counts distinct UTD article records for this author-school affiliation.
93,University of Pennsylvania,Allison Nicoletti,3,Accounting,Defaulted from UTD top-3 accounting journal sample,https://papers.ssrn.com/sol3/cf_dev/AbsByAuth.cfm?per_id=1693320,ssrn_author_page,Ssrn privpapers.ssrn.com › sol3 › cf_dev › AbsByAuth.cfm Author Page for Allison Nicoletti :: SSRN,UTD Top 3 accounting journals author-affiliation aggregate,2021-2025,The Accounting Review; Journal of Accounting and Economics; Journal of Accounting Research,"https://www.byuaccounting.net/rankings/indrank/per_ind_cnt.php?authorid=7112&authorname=Nicoletti, Allison",The Accounting Review: 2; Journal of Accounting Research: 1,2025: 1; 2023: 1; 2022: 1,The Wharton School,Publication_count counts distinct UTD article records for this author-school affiliation.
94,Singapore Management University,An-Ping Lin,3,Financial; Archival; Managerial,BYU interest areas,https://search.brave.com/search?q=An-Ping+Lin+%22Singapore+Management+University%22+SSRN,search_link,Search link provided; automated SSRN profile resolution was rate limited.,UTD Top 3 accounting journals author-affiliation aggregate,2021-2025,The Accounting Review; Journal of Accounting and Economics; Journal of Accounting Research,"https://www.byuaccounting.net/rankings/indrank/per_ind_cnt.php?authorid=6677&authorname=Lin, An-Ping",Journal of Accounting and Economics: 2; The Accounting Review: 1,2025: 1; 2022: 2,Lee Kong Chian School of Business,Publication_count counts distinct UTD article records for this author-school affiliation.
95,University of Colorado at Boulder,Andrea Pawliczek,3,Accounting,Defaulted from UTD top-3 accounting journal sample,https://search.brave.com/search?q=Andrea+Pawliczek+%22University+of+Colorado+at+Boulder%22+SSRN,search_link,Search link provided; automated SSRN profile resolution was rate limited.,UTD Top 3 accounting journals author-affiliation aggregate,2021-2025,The Accounting Review; Journal of Accounting and Economics; Journal of Accounting Research,"https://www.byuaccounting.net/rankings/indrank/per_ind_cnt.php?authorid=9375&authorname=Pawliczek, Andrea",The Accounting Review: 2; Journal of Accounting Research: 1,2024: 1; 2023: 1; 2022: 1,Leeds School of Business,Publication_count counts distinct UTD article records for this author-school affiliation.
96,University of Texas at Austin,Andrew Belnap,3,Accounting,Defaulted from UTD top-3 accounting journal sample,https://search.brave.com/search?q=Andrew+Belnap+%22University+of+Texas+at+Austin%22+SSRN,search_link,Search link provided; automated SSRN profile resolution was rate limited.,UTD Top 3 accounting journals author-affiliation aggregate,2021-2025,The Accounting Review; Journal of Accounting and Economics; Journal of Accounting Research,"https://www.byuaccounting.net/rankings/indrank/per_ind_cnt.php?authorid=9920&authorname=Belnap, Andrew",Journal of Accounting and Economics: 3,2024: 1; 2023: 2,McCombs School of Business,Publication_count counts distinct UTD article records for this author-school affiliation.
97,Massachusetts Institute of Technology (MIT),Andrew G Sutherland,3,Accounting,Defaulted from UTD top-3 accounting journal sample,https://search.brave.com/search?q=Andrew+G+Sutherland+%22Massachusetts+Institute+of+Technology+%28MIT%29%22+SSRN,search_link,Search link provided; automated SSRN profile resolution was rate limited.,UTD Top 3 accounting journals author-affiliation aggregate,2021-2025,The Accounting Review; Journal of Accounting and Economics; Journal of Accounting Research,"https://www.byuaccounting.net/rankings/indrank/per_ind_cnt.php?authorid=7004&authorname=Sutherland, Andrew G.",The Accounting Review: 1; Journal of Accounting Research: 1; Journal of Accounting and Economics: 1,2024: 3,Sloan School of Management,Publication_count counts distinct UTD article records for this author-school affiliation.
98,Ohio State University,Andrew Van Buskirk,3,Financial; Archival,BYU interest areas,https://search.brave.com/search?q=Andrew+Van+Buskirk+%22Ohio+State+University%22+SSRN,search_link,Search link provided; automated SSRN profile resolution was rate limited.,UTD Top 3 accounting journals author-affiliation aggregate,2021-2025,The Accounting Review; Journal of Accounting and Economics; Journal of Accounting Research,"https://www.byuaccounting.net/rankings/indrank/per_ind_cnt.php?authorid=1367&authorname=Van Buskirk, Andrew",The Accounting Review: 2; Journal of Accounting and Economics: 1,2021: 3,Fisher College of Business,Publication_count counts distinct UTD article records for this author-school affiliation.
99,Yale University,Aneesh Raghunandan,3,Financial; Other Accounting Topics; Analytical; Archival,BYU interest areas,https://search.brave.com/search?q=Aneesh+Raghunandan+%22Yale+University%22+SSRN,search_link,Search link provided; automated SSRN profile resolution was rate limited.,UTD Top 3 accounting journals author-affiliation aggregate,2021-2025,The Accounting Review; Journal of Accounting and Economics; Journal of Accounting Research,"https://www.byuaccounting.net/rankings/indrank/per_ind_cnt.php?authorid=8656&authorname=Raghunandan, Aneesh",Journal of Accounting Research: 2; The Accounting Review: 1,2025: 3,School of Management,Publication_count counts distinct UTD article records for this author-school affiliation.
100,Stanford University,Anne Beyer,3,Accounting,Defaulted from UTD top-3 accounting journal sample,https://search.brave.com/search?q=Anne+Beyer+%22Stanford+University%22+SSRN,search_link,Search link provided; automated SSRN profile resolution was rate limited.,UTD Top 3 accounting journals author-affiliation aggregate,2021-2025,The Accounting Review; Journal of Accounting and Economics; Journal of Accounting Research,"https://www.byuaccounting.net/rankings/indrank/per_ind_cnt.php?authorid=2436&authorname=Beyer, Anne",Journal of Accounting and Economics: 2; The Accounting Review: 1,2024: 1; 2021: 2,Graduate School of Business,Publication_count counts distinct UTD article records for this author-school affiliation.
101,University of Illinois at Urbana-Champaign,Anne M Thompson,3,Audit; Financial; Archival,BYU interest areas,https://search.brave.com/search?q=Anne+M+Thompson+%22University+of+Illinois+at+Urbana-Champaign%22+SSRN,search_link,Search link provided; automated SSRN profile resolution was rate limited.,UTD Top 3 accounting journals author-affiliation aggregate,2021-2025,The Accounting Review; Journal of Accounting and Economics; Journal of Accounting Research,"https://www.byuaccounting.net/rankings/indrank/per_ind_cnt.php?authorid=4512&authorname=Thompson, Anne M.",The Accounting Review: 1; Journal of Accounting and Economics: 1; Journal of Accounting Research: 1,2023: 1; 2022: 2,Gies College of Business,Publication_count counts distinct UTD article records for this author-school affiliation.
102,Bocconi University / Universita Bocconi,Antonio Marra,3,Financial; Archival,BYU interest areas,https://search.brave.com/search?q=Antonio+Marra+%22Bocconi+University+%2F+Universita+Bocconi%22+SSRN,search_link,Search link provided; automated SSRN profile resolution was rate limited.,UTD Top 3 accounting journals author-affiliation aggregate,2021-2025,The Accounting Review; Journal of Accounting and Economics; Journal of Accounting Research,"https://www.byuaccounting.net/rankings/indrank/per_ind_cnt.php?authorid=6202&authorname=Marra, Antonio",The Accounting Review: 2; Journal of Accounting Research: 1,2024: 1; 2022: 1; 2021: 1,SDA School of Management,Publication_count counts distinct UTD article records for this author-school affiliation.
103,Yale University,Anya Nakhmurina,3,Accounting,Defaulted from UTD top-3 accounting journal sample,https://search.brave.com/search?q=Anya+Nakhmurina+%22Yale+University%22+SSRN,search_link,Search link provided; automated SSRN profile resolution was rate limited.,UTD Top 3 accounting journals author-affiliation aggregate,2021-2025,The Accounting Review; Journal of Accounting and Economics; Journal of Accounting Research,"https://www.byuaccounting.net/rankings/indrank/per_ind_cnt.php?authorid=9759&authorname=Nakhmurina, Anya",Journal of Accounting and Economics: 2; The Accounting Review: 1,2025: 1; 2024: 1; 2022: 1,School of Management,Publication_count counts distinct UTD article records for this author-school affiliation.
104,University of London,Aytekin Ertan,3,Financial; Archival; Non-Accounting Topics,BYU interest areas,https://search.brave.com/search?q=Aytekin+Ertan+%22University+of+London%22+SSRN,search_link,Search link provided; automated SSRN profile resolution was rate limited.,UTD Top 3 accounting journals author-affiliation aggregate,2021-2025,The Accounting Review; Journal of Accounting and Economics; Journal of Accounting Research,"https://www.byuaccounting.net/rankings/indrank/per_ind_cnt.php?authorid=7466&authorname=Ertan, Aytekin",The Accounting Review: 2; Journal of Accounting and Economics: 1,2025: 1; 2021: 2,London Business School,Publication_count counts distinct UTD article records for this author-school affiliation.
105,Seoul National University (SNU),Bok Baik,3,Financial,BYU interest areas,https://search.brave.com/search?q=Bok+Baik+%22Seoul+National+University+%28SNU%29%22+SSRN,search_link,Search link provided; automated SSRN profile resolution was rate limited.,UTD Top 3 accounting journals author-affiliation aggregate,2021-2025,The Accounting Review; Journal of Accounting and Economics; Journal of Accounting Research,"https://www.byuaccounting.net/rankings/indrank/per_ind_cnt.php?authorid=599&authorname=Baik, Bok",Journal of Accounting and Economics: 1; Journal of Accounting Research: 1; The Accounting Review: 1,2025: 1; 2024: 1; 2022: 1,College of Business Administration / Business School,Publication_count counts distinct UTD article records for this author-school affiliation.
106,Texas A&M University at College Station,Bradford F Hepfer,3,Financial; Tax; Archival,BYU interest areas,https://search.brave.com/search?q=Bradford+F+Hepfer+%22Texas+A%26M+University+at+College+Station%22+SSRN,search_link,Search link provided; automated SSRN profile resolution was rate limited.,UTD Top 3 accounting journals author-affiliation aggregate,2021-2025,The Accounting Review; Journal of Accounting and Economics; Journal of Accounting Research,"https://www.byuaccounting.net/rankings/indrank/per_ind_cnt.php?authorid=7795&authorname=Hepfer, Bradford F.",The Accounting Review: 2; Journal of Accounting and Economics: 1,2025: 1; 2023: 1; 2021: 1,Mays Business School,Publication_count counts distinct UTD article records for this author-school affiliation.
107,University of North Carolina at Chapel Hill,Bradley E Hendricks,3,Financial; Non-Accounting Topics; Archival,BYU interest areas,https://search.brave.com/search?q=Bradley+E+Hendricks+%22University+of+North+Carolina+at+Chapel+Hill%22+SSRN,search_link,Search link provided; automated SSRN profile resolution was rate limited.,UTD Top 3 accounting journals author-affiliation aggregate,2021-2025,The Accounting Review; Journal of Accounting and Economics; Journal of Accounting Research,"https://www.byuaccounting.net/rankings/indrank/per_ind_cnt.php?authorid=6775&authorname=Hendricks, Bradley E.",The Accounting Review: 3,2023: 2; 2022: 1,Kenan-Flagler Business School,Publication_count counts distinct UTD article records for this author-school affiliation.
108,University of Utah,Brian Cadman,3,Accounting,Defaulted from UTD top-3 accounting journal sample,https://search.brave.com/search?q=Brian+Cadman+%22University+of+Utah%22+SSRN,search_link,Search link provided; automated SSRN profile resolution was rate limited.,UTD Top 3 accounting journals author-affiliation aggregate,2021-2025,The Accounting Review; Journal of Accounting and Economics; Journal of Accounting Research,"https://www.byuaccounting.net/rankings/indrank/per_ind_cnt.php?authorid=3335&authorname=Cadman, Brian",The Accounting Review: 2; Journal of Accounting Research: 1,2024: 1; 2023: 1; 2021: 1,David Eccles School of Business,Publication_count counts distinct UTD article records for this author-school affiliation.
109,Indiana University at Bloomington,Brian M Williams,3,Financial; Tax; Archival,BYU interest areas,https://search.brave.com/search?q=Brian+M+Williams+%22Indiana+University+at+Bloomington%22+SSRN,search_link,Search link provided; automated SSRN profile resolution was rate limited.,UTD Top 3 accounting journals author-affiliation aggregate,2021-2025,The Accounting Review; Journal of Accounting and Economics; Journal of Accounting Research,"https://www.byuaccounting.net/rankings/indrank/per_ind_cnt.php?authorid=6636&authorname=Williams, Brian M.",The Accounting Review: 3,2023: 1; 2022: 1; 2021: 1,Kelley School of Business,Publication_count counts distinct UTD article records for this author-school affiliation.
110,University of Colorado at Boulder,Bryce Schonberger,3,Accounting,Defaulted from UTD top-3 accounting journal sample,https://search.brave.com/search?q=Bryce+Schonberger+%22University+of+Colorado+at+Boulder%22+SSRN,search_link,Search link provided; automated SSRN profile resolution was rate limited.,UTD Top 3 accounting journals author-affiliation aggregate,2021-2025,The Accounting Review; Journal of Accounting and Economics; Journal of Accounting Research,"https://www.byuaccounting.net/rankings/indrank/per_ind_cnt.php?authorid=8612&authorname=Schonberger, Bryce",The Accounting Review: 2; Journal of Accounting Research: 1,2024: 1; 2023: 2,Leeds School of Business,Publication_count counts distinct UTD article records for this author-school affiliation.
111,Hong Kong University of Science and Technology (HKUST),Chao Tang,3,Accounting,Defaulted from UTD top-3 accounting journal sample,https://search.brave.com/search?q=Chao+Tang+%22Hong+Kong+University+of+Science+and+Technology+%28HKUST%29%22+SSRN,search_link,Search link provided; automated SSRN profile resolution was rate limited.,UTD Top 3 accounting journals author-affiliation aggregate,2021-2025,The Accounting Review; Journal of Accounting and Economics; Journal of Accounting Research,"https://www.byuaccounting.net/rankings/indrank/per_ind_cnt.php?authorid=10474&authorname=Tang, Chao",Journal of Accounting and Economics: 2; The Accounting Review: 1,2025: 1; 2024: 1; 2023: 1,Business School,Publication_count counts distinct UTD article records for this author-school affiliation.
112,Monash University,Chen Chen,3,Audit; Financial; Managerial,BYU interest areas,https://search.brave.com/search?q=Chen+Chen+%22Monash+University%22+SSRN,search_link,Search link provided; automated SSRN profile resolution was rate limited.,UTD Top 3 accounting journals author-affiliation aggregate,2021-2025,The Accounting Review; Journal of Accounting and Economics; Journal of Accounting Research,"https://www.byuaccounting.net/rankings/indrank/per_ind_cnt.php?authorid=4541&authorname=Chen, Chen",The Accounting Review: 2; Journal of Accounting Research: 1,2024: 1; 2023: 1; 2022: 1,Monash Business School,Publication_count counts distinct UTD article records for this author-school affiliation.
113,Ludwig Maximilian University of Munich (LMU) (Munich University),Christian Hofmann,3,Financial; Managerial; Analytical; Archival,BYU interest areas,https://search.brave.com/search?q=Christian+Hofmann+%22Ludwig+Maximilian+University+of+Munich+%28LMU%29+%28Munich+University%29%22+SSRN,search_link,Search link provided; automated SSRN profile resolution was rate limited.,UTD Top 3 accounting journals author-affiliation aggregate,2021-2025,The Accounting Review; Journal of Accounting and Economics; Journal of Accounting Research,"https://www.byuaccounting.net/rankings/indrank/per_ind_cnt.php?authorid=1585&authorname=Hofmann, Christian",Journal of Accounting Research: 2; The Accounting Review: 1,2024: 3,"Faculty of Business Administration - Munich School of Management, Munich Business School",Publication_count counts distinct UTD article records for this author-school affiliation.
114,University of Chicago,Christian Leuz,3,Audit; Financial; Other Accounting Topics; Non-Accounting Topics; Analytical; Archival; Managerial,BYU interest areas,https://search.brave.com/search?q=Christian+Leuz+%22University+of+Chicago%22+SSRN,search_link,Search link provided; automated SSRN profile resolution was rate limited.,UTD Top 3 accounting journals author-affiliation aggregate,2021-2025,The Accounting Review; Journal of Accounting and Economics; Journal of Accounting Research,"https://www.byuaccounting.net/rankings/indrank/per_ind_cnt.php?authorid=375&authorname=Leuz, Christian",Journal of Accounting and Economics: 2; The Accounting Review: 1,2025: 1; 2022: 1; 2021: 1,Booth School of Business,Publication_count counts distinct UTD article records for this author-school affiliation.
115,WU Vienna University of Economics and Business / Wirtschafts Universitat Wien,Christoph Feichter,3,Managerial; Experimental,BYU interest areas,https://search.brave.com/search?q=Christoph+Feichter+%22WU+Vienna+University+of+Economics+and+Business+%2F+Wirtschafts+Universitat+Wien%22+SSRN,search_link,Search link provided; automated SSRN profile resolution was rate limited.,UTD Top 3 accounting journals author-affiliation aggregate,2021-2025,The Accounting Review; Journal of Accounting and Economics; Journal of Accounting Research,"https://www.byuaccounting.net/rankings/indrank/per_ind_cnt.php?authorid=7542&authorname=Feichter, Christoph",Journal of Accounting Research: 2; The Accounting Review: 1,2023: 1; 2022: 1; 2021: 1,Vienna University of Economics and Business,Publication_count counts distinct UTD article records for this author-school affiliation.
116,University of Oregon,Dane M Christensen,3,Audit; Financial; Tax; Archival,BYU interest areas,https://search.brave.com/search?q=Dane+M+Christensen+%22University+of+Oregon%22+SSRN,search_link,Search link provided; automated SSRN profile resolution was rate limited.,UTD Top 3 accounting journals author-affiliation aggregate,2021-2025,The Accounting Review; Journal of Accounting and Economics; Journal of Accounting Research,"https://www.byuaccounting.net/rankings/indrank/per_ind_cnt.php?authorid=6672&authorname=Christensen, Dane M.",The Accounting Review: 2; Journal of Accounting Research: 1,2024: 1; 2023: 1; 2022: 1,Charles H. Lundquist College of Business,Publication_count counts distinct UTD article records for this author-school affiliation.
117,University of Miami,Daniele Macciocchi,3,Financial; Archival; Managerial,BYU interest areas,https://search.brave.com/search?q=Daniele+Macciocchi+%22University+of+Miami%22+SSRN,search_link,Search link provided; automated SSRN profile resolution was rate limited.,UTD Top 3 accounting journals author-affiliation aggregate,2021-2025,The Accounting Review; Journal of Accounting and Economics; Journal of Accounting Research,"https://www.byuaccounting.net/rankings/indrank/per_ind_cnt.php?authorid=9481&authorname=Macciocchi, Daniele",The Accounting Review: 1; Journal of Accounting Research: 1; Journal of Accounting and Economics: 1,2023: 1; 2022: 2,School of Business Administration / Herbert Business School,Publication_count counts distinct UTD article records for this author-school affiliation.
118,Stanford University,David F Larcker,3,Accounting,Defaulted from UTD top-3 accounting journal sample,https://search.brave.com/search?q=David+F+Larcker+%22Stanford+University%22+SSRN,search_link,Search link provided; automated SSRN profile resolution was rate limited.,UTD Top 3 accounting journals author-affiliation aggregate,2021-2025,The Accounting Review; Journal of Accounting and Economics; Journal of Accounting Research,,Journal of Accounting Research: 2; Journal of Accounting and Economics: 1,2024: 2; 2021: 1,Graduate School of Business,Publication_count counts distinct UTD article records for this author-school affiliation.
119,New Economic School,Davide Cianciaruso,3,Accounting,Defaulted from UTD top-3 accounting journal sample,https://search.brave.com/search?q=Davide+Cianciaruso+%22New+Economic+School%22+SSRN,search_link,Search link provided; automated SSRN profile resolution was rate limited.,UTD Top 3 accounting journals author-affiliation aggregate,2021-2025,The Accounting Review; Journal of Accounting and Economics; Journal of Accounting Research,"https://www.byuaccounting.net/rankings/indrank/per_ind_cnt.php?authorid=7779&authorname=Cianciaruso, Davide",The Accounting Review: 2; Journal of Accounting Research: 1,2025: 1; 2024: 1; 2023: 1,,Publication_count counts distinct UTD article records for this author-school affiliation.
120,"City University of New York, Baruch College",Edward Xuejun Li,3,Accounting,Defaulted from UTD top-3 accounting journal sample,https://search.brave.com/search?q=Edward+Xuejun+Li+%22City+University+of+New+York%2C+Baruch+College%22+SSRN,search_link,Search link provided; automated SSRN profile resolution was rate limited.,UTD Top 3 accounting journals author-affiliation aggregate,2021-2025,The Accounting Review; Journal of Accounting and Economics; Journal of Accounting Research,"https://www.byuaccounting.net/rankings/indrank/per_ind_cnt.php?authorid=3321&authorname=Li, Edward Xuejun",The Accounting Review: 2; Journal of Accounting and Economics: 1,2025: 1; 2024: 1; 2021: 1,Zicklin School of Business,Publication_count counts distinct UTD article records for this author-school affiliation.
121,"Colorado State University, Ft. Collins",Elizabeth N Cowle,3,Accounting,Defaulted from UTD top-3 accounting journal sample,https://search.brave.com/search?q=Elizabeth+N+Cowle+%22Colorado+State+University%2C+Ft.+Collins%22+SSRN,search_link,Search link provided; automated SSRN profile resolution was rate limited.,UTD Top 3 accounting journals author-affiliation aggregate,2021-2025,The Accounting Review; Journal of Accounting and Economics; Journal of Accounting Research,,The Accounting Review: 2; Journal of Accounting Research: 1,2025: 1; 2022: 2,College of Business,Publication_count counts distinct UTD article records for this author-school affiliation.
122,Temple University,Enrique A Gomez,3,Accounting,Defaulted from UTD top-3 accounting journal sample,https://search.brave.com/search?q=Enrique+A+Gomez+%22Temple+University%22+SSRN,search_link,Search link provided; automated SSRN profile resolution was rate limited.,UTD Top 3 accounting journals author-affiliation aggregate,2021-2025,The Accounting Review; Journal of Accounting and Economics; Journal of Accounting Research,,The Accounting Review: 3,2024: 2; 2023: 1,The Fox School of Business and Management,Publication_count counts distinct UTD article records for this author-school affiliation.
123,Carnegie Mellon University,Gaoqing Zhang,3,Financial; Analytical,BYU interest areas,https://search.brave.com/search?q=Gaoqing+Zhang+%22Carnegie+Mellon+University%22+SSRN,search_link,Search link provided; automated SSRN profile resolution was rate limited.,UTD Top 3 accounting journals author-affiliation aggregate,2021-2025,The Accounting Review; Journal of Accounting and Economics; Journal of Accounting Research,"https://www.byuaccounting.net/rankings/indrank/per_ind_cnt.php?authorid=6288&authorname=Zhang, Gaoqing",The Accounting Review: 2; Journal of Accounting Research: 1,2025: 3,Tepper School of Business,Publication_count counts distinct UTD article records for this author-school affiliation.
124,University of California at San Diego,Gerardo Perez-Cavazos,3,Accounting,Defaulted from UTD top-3 accounting journal sample,https://search.brave.com/search?q=Gerardo+Perez-Cavazos+%22University+of+California+at+San+Diego%22+SSRN,search_link,Search link provided; automated SSRN profile resolution was rate limited.,UTD Top 3 accounting journals author-affiliation aggregate,2021-2025,The Accounting Review; Journal of Accounting and Economics; Journal of Accounting Research,"https://www.byuaccounting.net/rankings/indrank/per_ind_cnt.php?authorid=8111&authorname=Perez Cavazos, Gerardo",The Accounting Review: 2; Journal of Accounting Research: 1,2024: 1; 2023: 1; 2022: 1,Rady School of Management,Publication_count counts distinct UTD article records for this author-school affiliation.
125,University of Iowa,H Scott Asay,3,Financial; Experimental; Managerial,BYU interest areas,https://search.brave.com/search?q=H+Scott+Asay+%22University+of+Iowa%22+SSRN,search_link,Search link provided; automated SSRN profile resolution was rate limited.,UTD Top 3 accounting journals author-affiliation aggregate,2021-2025,The Accounting Review; Journal of Accounting and Economics; Journal of Accounting Research,"https://www.byuaccounting.net/rankings/indrank/per_ind_cnt.php?authorid=7121&authorname=Asay, H. Scott",The Accounting Review: 3,2024: 1; 2023: 1; 2022: 1,Henry B. Tippie College of Business,Publication_count counts distinct UTD article records for this author-school affiliation.
126,University of Chicago,Hans B Christensen,3,Accounting,Defaulted from UTD top-3 accounting journal sample,https://search.brave.com/search?q=Hans+B+Christensen+%22University+of+Chicago%22+SSRN,search_link,Search link provided; automated SSRN profile resolution was rate limited.,UTD Top 3 accounting journals author-affiliation aggregate,2021-2025,The Accounting Review; Journal of Accounting and Economics; Journal of Accounting Research,"https://www.byuaccounting.net/rankings/indrank/per_ind_cnt.php?authorid=3253&authorname=Christensen, Hans B.",Journal of Accounting and Economics: 2; The Accounting Review: 1,2022: 3,Booth School of Business,Publication_count counts distinct UTD article records for this author-school affiliation.
127,Duke University,Hao Xue,3,Accounting,Defaulted from UTD top-3 accounting journal sample,https://search.brave.com/search?q=Hao+Xue+%22Duke+University%22+SSRN,search_link,Search link provided; automated SSRN profile resolution was rate limited.,UTD Top 3 accounting journals author-affiliation aggregate,2021-2025,The Accounting Review; Journal of Accounting and Economics; Journal of Accounting Research,"https://www.byuaccounting.net/rankings/indrank/per_ind_cnt.php?authorid=6705&authorname=Xue, Hao",Journal of Accounting and Economics: 2; The Accounting Review: 1,2025: 1; 2023: 1; 2021: 1,The Fuqua School of Business,Publication_count counts distinct UTD article records for this author-school affiliation.
128,University of California at Los Angeles,Henry L Friedman,3,Audit; Financial; Managerial; Analytical; Archival; Non-Accounting Topics,BYU interest areas,https://search.brave.com/search?q=Henry+L+Friedman+%22University+of+California+at+Los+Angeles%22+SSRN,search_link,Search link provided; automated SSRN profile resolution was rate limited.,UTD Top 3 accounting journals author-affiliation aggregate,2021-2025,The Accounting Review; Journal of Accounting and Economics; Journal of Accounting Research,"https://www.byuaccounting.net/rankings/indrank/per_ind_cnt.php?authorid=5561&authorname=Friedman, Henry L.",Journal of Accounting Research: 2; The Accounting Review: 1,2024: 2; 2021: 1,Anderson School of Management,Publication_count counts distinct UTD article records for this author-school affiliation.
129,Purdue University,Hojun Seo,3,Financial; Archival,BYU interest areas,https://search.brave.com/search?q=Hojun+Seo+%22Purdue+University%22+SSRN,search_link,Search link provided; automated SSRN profile resolution was rate limited.,UTD Top 3 accounting journals author-affiliation aggregate,2021-2025,The Accounting Review; Journal of Accounting and Economics; Journal of Accounting Research,"https://www.byuaccounting.net/rankings/indrank/per_ind_cnt.php?authorid=5674&authorname=Seo, Hojun",The Accounting Review: 2; Journal of Accounting and Economics: 1,2023: 1; 2021: 2,"Mitchell E. Daniels, Jr. School of Business / Krannert School of Management",Publication_count counts distinct UTD article records for this author-school affiliation.
130,Tilburg University,Jacob Zureich,3,Accounting,Defaulted from UTD top-3 accounting journal sample,https://search.brave.com/search?q=Jacob+Zureich+%22Tilburg+University%22+SSRN,search_link,Search link provided; automated SSRN profile resolution was rate limited.,UTD Top 3 accounting journals author-affiliation aggregate,2021-2025,The Accounting Review; Journal of Accounting and Economics; Journal of Accounting Research,"https://www.byuaccounting.net/rankings/indrank/per_ind_cnt.php?authorid=9567&authorname=Zureich, Jacob",The Accounting Review: 2; Journal of Accounting Research: 1,2023: 2; 2022: 1,(TiSEM) School of Economics and Management (incl. Econometrics and Operations Research depts.),Publication_count counts distinct UTD article records for this author-school affiliation.
131,University of Oregon,Jaewoo Kim,3,Accounting,Defaulted from UTD top-3 accounting journal sample,https://search.brave.com/search?q=Jaewoo+Kim+%22University+of+Oregon%22+SSRN,search_link,Search link provided; automated SSRN profile resolution was rate limited.,UTD Top 3 accounting journals author-affiliation aggregate,2021-2025,The Accounting Review; Journal of Accounting and Economics; Journal of Accounting Research,"https://www.byuaccounting.net/rankings/indrank/per_ind_cnt.php?authorid=7527&authorname=Kim, Jaewoo",The Accounting Review: 2; Journal of Accounting and Economics: 1,2024: 1; 2023: 1; 2021: 1,Charles H. Lundquist College of Business,Publication_count counts distinct UTD article records for this author-school affiliation.
132,University of Michigan at Ann Arbor,James D Omartian,3,Accounting,Defaulted from UTD top-3 accounting journal sample,https://search.brave.com/search?q=James+D+Omartian+%22University+of+Michigan+at+Ann+Arbor%22+SSRN,search_link,Search link provided; automated SSRN profile resolution was rate limited.,UTD Top 3 accounting journals author-affiliation aggregate,2021-2025,The Accounting Review; Journal of Accounting and Economics; Journal of Accounting Research,"https://www.byuaccounting.net/rankings/indrank/per_ind_cnt.php?authorid=9527&authorname=Omartian, James D.",The Accounting Review: 1; Journal of Accounting and Economics: 1; Journal of Accounting Research: 1,2025: 1; 2023: 1; 2022: 1,Ross School of Business,Publication_count counts distinct UTD article records for this author-school affiliation.
133,Texas A&M University at College Station,James D Warren,3,Accounting,Defaulted from UTD top-3 accounting journal sample,https://search.brave.com/search?q=James+D+Warren+%22Texas+A%26M+University+at+College+Station%22+SSRN,search_link,Search link provided; automated SSRN profile resolution was rate limited.,UTD Top 3 accounting journals author-affiliation aggregate,2021-2025,The Accounting Review; Journal of Accounting and Economics; Journal of Accounting Research,,The Accounting Review: 3,2025: 1; 2024: 2,Mays Business School,Publication_count counts distinct UTD article records for this author-school affiliation.
134,"University of Virginia, McIntire",Jasmine Wang,3,Financial; Archival,BYU interest areas,https://search.brave.com/search?q=Jasmine+Wang+%22University+of+Virginia%2C+McIntire%22+SSRN,search_link,Search link provided; automated SSRN profile resolution was rate limited.,UTD Top 3 accounting journals author-affiliation aggregate,2021-2025,The Accounting Review; Journal of Accounting and Economics; Journal of Accounting Research,"https://www.byuaccounting.net/rankings/indrank/per_ind_cnt.php?authorid=9949&authorname=Wang, Jasmine",The Accounting Review: 2; Journal of Accounting Research: 1,2025: 1; 2024: 1; 2023: 1,McIntire School of Commerce,Publication_count counts distinct UTD article records for this author-school affiliation.
135,University of Illinois at Chicago,Jason V Chen,3,Accounting,Defaulted from UTD top-3 accounting journal sample,https://search.brave.com/search?q=Jason+V+Chen+%22University+of+Illinois+at+Chicago%22+SSRN,search_link,Search link provided; automated SSRN profile resolution was rate limited.,UTD Top 3 accounting journals author-affiliation aggregate,2021-2025,The Accounting Review; Journal of Accounting and Economics; Journal of Accounting Research,"https://www.byuaccounting.net/rankings/indrank/per_ind_cnt.php?authorid=6567&authorname=Chen, Jason V.",Journal of Accounting and Economics: 2; Journal of Accounting Research: 1,2024: 1; 2023: 1; 2021: 1,College of Business Administration,Publication_count counts distinct UTD article records for this author-school affiliation.
136,University of Toronto,Jee-Eun Shin,3,Managerial; Archival; Other Methods,BYU interest areas,https://search.brave.com/search?q=Jee-Eun+Shin+%22University+of+Toronto%22+SSRN,search_link,Search link provided; automated SSRN profile resolution was rate limited.,UTD Top 3 accounting journals author-affiliation aggregate,2021-2025,The Accounting Review; Journal of Accounting and Economics; Journal of Accounting Research,"https://www.byuaccounting.net/rankings/indrank/per_ind_cnt.php?authorid=9883&authorname=Shin, Jee‐Eun",Journal of Accounting Research: 2; Journal of Accounting and Economics: 1,2025: 1; 2023: 2,Joseph L. Rotman School of Management,Publication_count counts distinct UTD article records for this author-school affiliation.
137,Memorial University of Newfoundland,Jeffrey A Pittman,3,Audit; Financial; Tax; Managerial,BYU interest areas,https://search.brave.com/search?q=Jeffrey+A+Pittman+%22Memorial+University+of+Newfoundland%22+SSRN,search_link,Search link provided; automated SSRN profile resolution was rate limited.,UTD Top 3 accounting journals author-affiliation aggregate,2021-2025,The Accounting Review; Journal of Accounting and Economics; Journal of Accounting Research,"https://www.byuaccounting.net/rankings/indrank/per_ind_cnt.php?authorid=987&authorname=Pittman, Jeffrey A.",The Accounting Review: 3,2022: 1; 2021: 2,Faculty of Business Administration,Publication_count counts distinct UTD article records for this author-school affiliation.
138,City University of Hong Kong,Jeong-Bon Kim,3,Audit; Financial; Archival,BYU interest areas,https://search.brave.com/search?q=Jeong-Bon+Kim+%22City+University+of+Hong+Kong%22+SSRN,search_link,Search link provided; automated SSRN profile resolution was rate limited.,UTD Top 3 accounting journals author-affiliation aggregate,2021-2025,The Accounting Review; Journal of Accounting and Economics; Journal of Accounting Research,"https://www.byuaccounting.net/rankings/indrank/per_ind_cnt.php?authorid=738&authorname=Kim, Jeong-Bon",The Accounting Review: 3,2023: 3,College of Business,Publication_count counts distinct UTD article records for this author-school affiliation.
139,University of Massachusetts at Amherst,Jeremiah W Bentley,3,Financial; Managerial; Archival; Experimental,BYU interest areas,https://search.brave.com/search?q=Jeremiah+W+Bentley+%22University+of+Massachusetts+at+Amherst%22+SSRN,search_link,Search link provided; automated SSRN profile resolution was rate limited.,UTD Top 3 accounting journals author-affiliation aggregate,2021-2025,The Accounting Review; Journal of Accounting and Economics; Journal of Accounting Research,"https://www.byuaccounting.net/rankings/indrank/per_ind_cnt.php?authorid=7678&authorname=Bentley, Jeremiah W.",The Accounting Review: 3,2025: 1; 2021: 2,Eugene M.Isenberg School of Management,Publication_count counts distinct UTD article records for this author-school affiliation.
140,University of Rochester,Joanna Shuang Wu,3,Accounting,Defaulted from UTD top-3 accounting journal sample,https://search.brave.com/search?q=Joanna+Shuang+Wu+%22University+of+Rochester%22+SSRN,search_link,Search link provided; automated SSRN profile resolution was rate limited.,UTD Top 3 accounting journals author-affiliation aggregate,2021-2025,The Accounting Review; Journal of Accounting and Economics; Journal of Accounting Research,"https://www.byuaccounting.net/rankings/indrank/per_ind_cnt.php?authorid=2290&authorname=Wu, Joanna Shuang",Journal of Accounting and Economics: 2; The Accounting Review: 1,2025: 2; 2022: 1,Simon Business School,Publication_count counts distinct UTD article records for this author-school affiliation.
141,University of Notre Dame,John Donovan,3,Financial; Archival; Other Accounting Topics,BYU interest areas,https://search.brave.com/search?q=John+Donovan+%22University+of+Notre+Dame%22+SSRN,search_link,Search link provided; automated SSRN profile resolution was rate limited.,UTD Top 3 accounting journals author-affiliation aggregate,2021-2025,The Accounting Review; Journal of Accounting and Economics; Journal of Accounting Research,"https://www.byuaccounting.net/rankings/indrank/per_ind_cnt.php?authorid=5673&authorname=Donovan, John",Journal of Accounting and Economics: 2; The Accounting Review: 1,2024: 1; 2023: 1; 2022: 1,Mendoza College of Business,Publication_count counts distinct UTD article records for this author-school affiliation.
142,University of Georgia,John L Campbell,3,Audit; Financial; Managerial; Tax; Archival,BYU interest areas,https://search.brave.com/search?q=John+L+Campbell+%22University+of+Georgia%22+SSRN,search_link,Search link provided; automated SSRN profile resolution was rate limited.,UTD Top 3 accounting journals author-affiliation aggregate,2021-2025,The Accounting Review; Journal of Accounting and Economics; Journal of Accounting Research,"https://www.byuaccounting.net/rankings/indrank/per_ind_cnt.php?authorid=3445&authorname=Campbell, John L.",The Accounting Review: 3,2024: 1; 2022: 1; 2021: 1,Terry College of Business,Publication_count counts distinct UTD article records for this author-school affiliation.
143,Texas A&M University at College Station,John R Robinson,3,Financial; Tax; Experimental,BYU interest areas,https://search.brave.com/search?q=John+R+Robinson+%22Texas+A%26M+University+at+College+Station%22+SSRN,search_link,Search link provided; automated SSRN profile resolution was rate limited.,UTD Top 3 accounting journals author-affiliation aggregate,2021-2025,The Accounting Review; Journal of Accounting and Economics; Journal of Accounting Research,"https://www.byuaccounting.net/rankings/indrank/per_ind_cnt.php?authorid=2540&authorname=Robinson, John R.",The Accounting Review: 2; Journal of Accounting and Economics: 1,2024: 1; 2021: 2,Mays Business School,Publication_count counts distinct UTD article records for this author-school affiliation.
144,Brigham Young University,Joshua A Lee,3,Accounting,Defaulted from UTD top-3 accounting journal sample,https://search.brave.com/search?q=Joshua+A+Lee+%22Brigham+Young+University%22+SSRN,search_link,Search link provided; automated SSRN profile resolution was rate limited.,UTD Top 3 accounting journals author-affiliation aggregate,2021-2025,The Accounting Review; Journal of Accounting and Economics; Journal of Accounting Research,,Journal of Accounting and Economics: 1; The Accounting Review: 1; Journal of Accounting Research: 1,2024: 2; 2023: 1,Marriott School of Management,Publication_count counts distinct UTD article records for this author-school affiliation.
145,Harvard University,Jung Koo Kang,3,Accounting,Defaulted from UTD top-3 accounting journal sample,https://search.brave.com/search?q=Jung+Koo+Kang+%22Harvard+University%22+SSRN,search_link,Search link provided; automated SSRN profile resolution was rate limited.,UTD Top 3 accounting journals author-affiliation aggregate,2021-2025,The Accounting Review; Journal of Accounting and Economics; Journal of Accounting Research,"https://www.byuaccounting.net/rankings/indrank/per_ind_cnt.php?authorid=9124&authorname=Kang, Jung Koo",Journal of Accounting and Economics: 2; The Accounting Review: 1,2025: 1; 2024: 1; 2022: 1,Harvard Business School,Publication_count counts distinct UTD article records for this author-school affiliation.
146,University of Illinois at Urbana-Champaign,Justin Leiby,3,Accounting,Defaulted from UTD top-3 accounting journal sample,https://search.brave.com/search?q=Justin+Leiby+%22University+of+Illinois+at+Urbana-Champaign%22+SSRN,search_link,Search link provided; automated SSRN profile resolution was rate limited.,UTD Top 3 accounting journals author-affiliation aggregate,2021-2025,The Accounting Review; Journal of Accounting and Economics; Journal of Accounting Research,"https://www.byuaccounting.net/rankings/indrank/per_ind_cnt.php?authorid=5327&authorname=Leiby, Justin",The Accounting Review: 2; Journal of Accounting Research: 1,2025: 1; 2024: 1; 2022: 1,Gies College of Business,Publication_count counts distinct UTD article records for this author-school affiliation.
147,University of Florida,K Philip Wang,3,Audit; Financial; Archival; Managerial,BYU interest areas,https://search.brave.com/search?q=K+Philip+Wang+%22University+of+Florida%22+SSRN,search_link,Search link provided; automated SSRN profile resolution was rate limited.,UTD Top 3 accounting journals author-affiliation aggregate,2021-2025,The Accounting Review; Journal of Accounting and Economics; Journal of Accounting Research,"https://www.byuaccounting.net/rankings/indrank/per_ind_cnt.php?authorid=8008&authorname=Wang, K. Philip",The Accounting Review: 2; Journal of Accounting Research: 1,2025: 1; 2023: 1; 2022: 1,Warrington College of Business,Publication_count counts distinct UTD article records for this author-school affiliation.
148,Rice University,K Ramesh,3,Financial; Archival,BYU interest areas,https://search.brave.com/search?q=K+Ramesh+%22Rice+University%22+SSRN,search_link,Search link provided; automated SSRN profile resolution was rate limited.,UTD Top 3 accounting journals author-affiliation aggregate,2021-2025,The Accounting Review; Journal of Accounting and Economics; Journal of Accounting Research,"https://www.byuaccounting.net/rankings/indrank/per_ind_cnt.php?authorid=1027&authorname=Ramesh, K.",The Accounting Review: 2; Journal of Accounting Research: 1,2025: 1; 2023: 2,Jesse H. Jones Graduate School of Business,Publication_count counts distinct UTD article records for this author-school affiliation.
149,Georgia Institute of Technology,Kathy Rupar,3,Accounting,Defaulted from UTD top-3 accounting journal sample,https://search.brave.com/search?q=Kathy+Rupar+%22Georgia+Institute+of+Technology%22+SSRN,search_link,Search link provided; automated SSRN profile resolution was rate limited.,UTD Top 3 accounting journals author-affiliation aggregate,2021-2025,The Accounting Review; Journal of Accounting and Economics; Journal of Accounting Research,,Journal of Accounting and Economics: 1; The Accounting Review: 1; Journal of Accounting Research: 1,2025: 1; 2023: 1; 2022: 1,Scheller College of Business,Publication_count counts distinct UTD article records for this author-school affiliation.
150,McMaster University,Ken Li,3,Accounting,Defaulted from UTD top-3 accounting journal sample,https://search.brave.com/search?q=Ken+Li+%22McMaster+University%22+SSRN,search_link,Search link provided; automated SSRN profile resolution was rate limited.,UTD Top 3 accounting journals author-affiliation aggregate,2021-2025,The Accounting Review; Journal of Accounting and Economics; Journal of Accounting Research,"https://www.byuaccounting.net/rankings/indrank/per_ind_cnt.php?authorid=9856&authorname=Li, Ken",The Accounting Review: 2; Journal of Accounting and Economics: 1,2025: 2; 2023: 1,DeGroote School of Business,Publication_count counts distinct UTD article records for this author-school affiliation.
151,Indiana University at Bloomington,Kenneth Merkley,3,Audit; Financial; Archival,BYU interest areas,https://search.brave.com/search?q=Kenneth+Merkley+%22Indiana+University+at+Bloomington%22+SSRN,search_link,Search link provided; automated SSRN profile resolution was rate limited.,UTD Top 3 accounting journals author-affiliation aggregate,2021-2025,The Accounting Review; Journal of Accounting and Economics; Journal of Accounting Research,"https://www.byuaccounting.net/rankings/indrank/per_ind_cnt.php?authorid=3504&authorname=Merkley, Kenneth",The Accounting Review: 2; Journal of Accounting Research: 1,2025: 1; 2022: 2,Kelley School of Business,Publication_count counts distinct UTD article records for this author-school affiliation.
152,National Taiwan University,Kevin Tseng,3,Accounting,Defaulted from UTD top-3 accounting journal sample,https://search.brave.com/search?q=Kevin+Tseng+%22National+Taiwan+University%22+SSRN,search_link,Search link provided; automated SSRN profile resolution was rate limited.,UTD Top 3 accounting journals author-affiliation aggregate,2021-2025,The Accounting Review; Journal of Accounting and Economics; Journal of Accounting Research,"https://www.byuaccounting.net/rankings/indrank/per_ind_cnt.php?authorid=9267&authorname=Tseng, Kevin",Journal of Accounting and Economics: 2; The Accounting Review: 1,2025: 1; 2024: 1; 2022: 1,College of Management,Publication_count counts distinct UTD article records for this author-school affiliation.
153,The Chinese University of Hong Kong (CUHK),Kevin Tseng,3,Accounting,Defaulted from UTD top-3 accounting journal sample,https://search.brave.com/search?q=Kevin+Tseng+%22The+Chinese+University+of+Hong+Kong+%28CUHK%29%22+SSRN,search_link,Search link provided; automated SSRN profile resolution was rate limited.,UTD Top 3 accounting journals author-affiliation aggregate,2021-2025,The Accounting Review; Journal of Accounting and Economics; Journal of Accounting Research,"https://www.byuaccounting.net/rankings/indrank/per_ind_cnt.php?authorid=9267&authorname=Tseng, Kevin",The Accounting Review: 2; Journal of Accounting and Economics: 1,2025: 1; 2024: 2,CUHK Business School (Hong Kong),Publication_count counts distinct UTD article records for this author-school affiliation.
154,University of Illinois at Urbana-Champaign,Laura W Wang,3,Accounting,Defaulted from UTD top-3 accounting journal sample,https://search.brave.com/search?q=Laura+W+Wang+%22University+of+Illinois+at+Urbana-Champaign%22+SSRN,search_link,Search link provided; automated SSRN profile resolution was rate limited.,UTD Top 3 accounting journals author-affiliation aggregate,2021-2025,The Accounting Review; Journal of Accounting and Economics; Journal of Accounting Research,"https://www.byuaccounting.net/rankings/indrank/per_ind_cnt.php?authorid=6348&authorname=Wang, Laura W.",The Accounting Review: 3,2025: 2; 2021: 1,Gies College of Business,Publication_count counts distinct UTD article records for this author-school affiliation.
155,Singapore Management University,Liandong Zhang,3,Financial; Tax; Archival,BYU interest areas,https://search.brave.com/search?q=Liandong+Zhang+%22Singapore+Management+University%22+SSRN,search_link,Search link provided; automated SSRN profile resolution was rate limited.,UTD Top 3 accounting journals author-affiliation aggregate,2021-2025,The Accounting Review; Journal of Accounting and Economics; Journal of Accounting Research,"https://www.byuaccounting.net/rankings/indrank/per_ind_cnt.php?authorid=5551&authorname=Zhang, Liandong",Journal of Accounting Research: 1; Journal of Accounting and Economics: 1; The Accounting Review: 1,2024: 1; 2022: 1; 2021: 1,Lee Kong Chian School of Business,Publication_count counts distinct UTD article records for this author-school affiliation.
156,National University of Singapore (NUS),Luo Zuo,3,Audit; Financial; Tax; Archival,BYU interest areas,https://search.brave.com/search?q=Luo+Zuo+%22National+University+of+Singapore+%28NUS%29%22+SSRN,search_link,Search link provided; automated SSRN profile resolution was rate limited.,UTD Top 3 accounting journals author-affiliation aggregate,2021-2025,The Accounting Review; Journal of Accounting and Economics; Journal of Accounting Research,"https://www.byuaccounting.net/rankings/indrank/per_ind_cnt.php?authorid=5313&authorname=Zuo, Luo",Journal of Accounting and Economics: 2; Journal of Accounting Research: 1,2025: 1; 2024: 1; 2023: 1,NUS Business School,Publication_count counts distinct UTD article records for this author-school affiliation.
157,University of Pennsylvania,Luzi Hail,3,Accounting,Defaulted from UTD top-3 accounting journal sample,https://search.brave.com/search?q=Luzi+Hail+%22University+of+Pennsylvania%22+SSRN,search_link,Search link provided; automated SSRN profile resolution was rate limited.,UTD Top 3 accounting journals author-affiliation aggregate,2021-2025,The Accounting Review; Journal of Accounting and Economics; Journal of Accounting Research,"https://www.byuaccounting.net/rankings/indrank/per_ind_cnt.php?authorid=2233&authorname=Hail, Luzi",Journal of Accounting and Economics: 1; Journal of Accounting Research: 1; The Accounting Review: 1,2022: 1; 2021: 2,The Wharton School,Publication_count counts distinct UTD article records for this author-school affiliation.
158,University of Missouri at Columbia,Mahfuz Chy,3,Accounting,Defaulted from UTD top-3 accounting journal sample,https://search.brave.com/search?q=Mahfuz+Chy+%22University+of+Missouri+at+Columbia%22+SSRN,search_link,Search link provided; automated SSRN profile resolution was rate limited.,UTD Top 3 accounting journals author-affiliation aggregate,2021-2025,The Accounting Review; Journal of Accounting and Economics; Journal of Accounting Research,"https://www.byuaccounting.net/rankings/indrank/per_ind_cnt.php?authorid=9005&authorname=Chy, Mahfuz",Journal of Accounting and Economics: 2; Journal of Accounting Research: 1,2025: 1; 2023: 1; 2021: 1,"Robert J. Trulaske, Sr. College of Business",Publication_count counts distinct UTD article records for this author-school affiliation.
159,University of North Carolina at Chapel Hill,Mark Lang,3,Accounting,Defaulted from UTD top-3 accounting journal sample,https://search.brave.com/search?q=Mark+Lang+%22University+of+North+Carolina+at+Chapel+Hill%22+SSRN,search_link,Search link provided; automated SSRN profile resolution was rate limited.,UTD Top 3 accounting journals author-affiliation aggregate,2021-2025,The Accounting Review; Journal of Accounting and Economics; Journal of Accounting Research,,Journal of Accounting and Economics: 3,2024: 2; 2023: 1,Kenan-Flagler Business School,Publication_count counts distinct UTD article records for this author-school affiliation.
160,Boston College,Mark T Bradshaw,3,Financial; Archival; Experimental,BYU interest areas,https://search.brave.com/search?q=Mark+T+Bradshaw+%22Boston+College%22+SSRN,search_link,Search link provided; automated SSRN profile resolution was rate limited.,UTD Top 3 accounting journals author-affiliation aggregate,2021-2025,The Accounting Review; Journal of Accounting and Economics; Journal of Accounting Research,"https://www.byuaccounting.net/rankings/indrank/per_ind_cnt.php?authorid=694&authorname=Bradshaw, Mark T.",The Accounting Review: 3,2024: 1; 2022: 1; 2021: 1,Carroll School of Management,Publication_count counts distinct UTD article records for this author-school affiliation.
161,BI Norwegian Business School,Marleen Willekens,3,Audit; Tax; Accounting Education; Archival,BYU interest areas,https://search.brave.com/search?q=Marleen+Willekens+%22BI+Norwegian+Business+School%22+SSRN,search_link,Search link provided; automated SSRN profile resolution was rate limited.,UTD Top 3 accounting journals author-affiliation aggregate,2021-2025,The Accounting Review; Journal of Accounting and Economics; Journal of Accounting Research,"https://www.byuaccounting.net/rankings/indrank/per_ind_cnt.php?authorid=2085&authorname=Willekens, Marleen",Journal of Accounting Research: 2; The Accounting Review: 1,2025: 1; 2021: 2,School of Management,Publication_count counts distinct UTD article records for this author-school affiliation.
162,Stanford University,Mary E Barth,3,Accounting,Defaulted from UTD top-3 accounting journal sample,https://search.brave.com/search?q=Mary+E+Barth+%22Stanford+University%22+SSRN,search_link,Search link provided; automated SSRN profile resolution was rate limited.,UTD Top 3 accounting journals author-affiliation aggregate,2021-2025,The Accounting Review; Journal of Accounting and Economics; Journal of Accounting Research,,The Accounting Review: 2; Journal of Accounting and Economics: 1,2023: 1; 2021: 2,Graduate School of Business,Publication_count counts distinct UTD article records for this author-school affiliation.
163,Massachusetts Institute of Technology (MIT),Matthew A Phillips,3,Financial; Archival,BYU interest areas,https://search.brave.com/search?q=Matthew+A+Phillips+%22Massachusetts+Institute+of+Technology+%28MIT%29%22+SSRN,search_link,Search link provided; automated SSRN profile resolution was rate limited.,UTD Top 3 accounting journals author-affiliation aggregate,2021-2025,The Accounting Review; Journal of Accounting and Economics; Journal of Accounting Research,"https://www.byuaccounting.net/rankings/indrank/per_ind_cnt.php?authorid=9563&authorname=Phillips, Matthew A.",Journal of Accounting Research: 1; The Accounting Review: 1; Journal of Accounting and Economics: 1,2025: 1; 2024: 1; 2023: 1,Sloan School of Management,Publication_count counts distinct UTD article records for this author-school affiliation.
164,Emory University,Matthew R Lyle,3,Financial; Analytical; Archival; Managerial; Other Accounting Topics,BYU interest areas,https://search.brave.com/search?q=Matthew+R+Lyle+%22Emory+University%22+SSRN,search_link,Search link provided; automated SSRN profile resolution was rate limited.,UTD Top 3 accounting journals author-affiliation aggregate,2021-2025,The Accounting Review; Journal of Accounting and Economics; Journal of Accounting Research,"https://www.byuaccounting.net/rankings/indrank/per_ind_cnt.php?authorid=5331&authorname=Lyle, Matthew R.",The Accounting Review: 3,2025: 1; 2024: 1; 2023: 1,Goizueta Business School,Publication_count counts distinct UTD article records for this author-school affiliation.
165,Texas A&M University at College Station,Matthew S Ege,3,Audit; Archival,BYU interest areas,https://search.brave.com/search?q=Matthew+S+Ege+%22Texas+A%26M+University+at+College+Station%22+SSRN,search_link,Search link provided; automated SSRN profile resolution was rate limited.,UTD Top 3 accounting journals author-affiliation aggregate,2021-2025,The Accounting Review; Journal of Accounting and Economics; Journal of Accounting Research,"https://www.byuaccounting.net/rankings/indrank/per_ind_cnt.php?authorid=5132&authorname=Ege, Matthew S.",The Accounting Review: 2; Journal of Accounting and Economics: 1,2023: 1; 2022: 1; 2021: 1,Mays Business School,Publication_count counts distinct UTD article records for this author-school affiliation.
166,University of Maryland at College Park,Michael D Kimbrough,3,Financial; Managerial; Other Accounting Topics,BYU interest areas,https://search.brave.com/search?q=Michael+D+Kimbrough+%22University+of+Maryland+at+College+Park%22+SSRN,search_link,Search link provided; automated SSRN profile resolution was rate limited.,UTD Top 3 accounting journals author-affiliation aggregate,2021-2025,The Accounting Review; Journal of Accounting and Economics; Journal of Accounting Research,"https://www.byuaccounting.net/rankings/indrank/per_ind_cnt.php?authorid=701&authorname=Kimbrough, Michael D.",The Accounting Review: 3,2024: 1; 2022: 1; 2021: 1,Robert H. Smith School of Business,Publication_count counts distinct UTD article records for this author-school affiliation.
167,Michigan State University,Michelle L Nessa,3,Accounting,Defaulted from UTD top-3 accounting journal sample,https://search.brave.com/search?q=Michelle+L+Nessa+%22Michigan+State+University%22+SSRN,search_link,Search link provided; automated SSRN profile resolution was rate limited.,UTD Top 3 accounting journals author-affiliation aggregate,2021-2025,The Accounting Review; Journal of Accounting and Economics; Journal of Accounting Research,"https://www.byuaccounting.net/rankings/indrank/per_ind_cnt.php?authorid=7392&authorname=Nessa, Michelle L.",The Accounting Review: 2; Journal of Accounting Research: 1,2025: 1; 2022: 1; 2021: 1,The Eli Broad College of Business,Publication_count counts distinct UTD article records for this author-school affiliation.
168,University of Michigan at Ann Arbor,Mihir N Mehta,3,Accounting,Defaulted from UTD top-3 accounting journal sample,https://search.brave.com/search?q=Mihir+N+Mehta+%22University+of+Michigan+at+Ann+Arbor%22+SSRN,search_link,Search link provided; automated SSRN profile resolution was rate limited.,UTD Top 3 accounting journals author-affiliation aggregate,2021-2025,The Accounting Review; Journal of Accounting and Economics; Journal of Accounting Research,"https://www.byuaccounting.net/rankings/indrank/per_ind_cnt.php?authorid=7523&authorname=Mehta, Mihir N.",Journal of Accounting Research: 2; The Accounting Review: 1,2025: 2; 2021: 1,Ross School of Business,Publication_count counts distinct UTD article records for this author-school affiliation.
169,Hong Kong University of Science and Technology (HKUST),Mingyi Hung,3,Accounting,Defaulted from UTD top-3 accounting journal sample,https://search.brave.com/search?q=Mingyi+Hung+%22Hong+Kong+University+of+Science+and+Technology+%28HKUST%29%22+SSRN,search_link,Search link provided; automated SSRN profile resolution was rate limited.,UTD Top 3 accounting journals author-affiliation aggregate,2021-2025,The Accounting Review; Journal of Accounting and Economics; Journal of Accounting Research,"https://www.byuaccounting.net/rankings/indrank/per_ind_cnt.php?authorid=389&authorname=Hung, Mingyi",Journal of Accounting and Economics: 2; The Accounting Review: 1,2024: 1; 2023: 1; 2022: 1,Business School,Publication_count counts distinct UTD article records for this author-school affiliation.
170,University of Pennsylvania,Mirko S. Heinle,3,Accounting,Defaulted from UTD top-3 accounting journal sample,https://search.brave.com/search?q=Mirko+S.+Heinle+%22University+of+Pennsylvania%22+SSRN,search_link,Search link provided; automated SSRN profile resolution was rate limited.,UTD Top 3 accounting journals author-affiliation aggregate,2021-2025,The Accounting Review; Journal of Accounting and Economics; Journal of Accounting Research,"https://www.byuaccounting.net/rankings/indrank/per_ind_cnt.php?authorid=4422&authorname=Heinle, Mirko S.",Journal of Accounting and Economics: 1; Journal of Accounting Research: 1; The Accounting Review: 1,2025: 1; 2024: 1; 2023: 1,The Wharton School,Publication_count counts distinct UTD article records for this author-school affiliation.
171,Michigan State University,Musaib Ashraf,3,AIS; Audit; Financial; Managerial; Archival,BYU interest areas,https://search.brave.com/search?q=Musaib+Ashraf+%22Michigan+State+University%22+SSRN,search_link,Search link provided; automated SSRN profile resolution was rate limited.,UTD Top 3 accounting journals author-affiliation aggregate,2021-2025,The Accounting Review; Journal of Accounting and Economics; Journal of Accounting Research,"https://www.byuaccounting.net/rankings/indrank/per_ind_cnt.php?authorid=8225&authorname=Ashraf, Musaib",The Accounting Review: 2; Journal of Accounting and Economics: 1,2025: 1; 2023: 1; 2022: 1,The Eli Broad College of Business,Publication_count counts distinct UTD article records for this author-school affiliation.
172,National University of Singapore (NUS),Oliver Zhen Li,3,Accounting,Defaulted from UTD top-3 accounting journal sample,https://search.brave.com/search?q=Oliver+Zhen+Li+%22National+University+of+Singapore+%28NUS%29%22+SSRN,search_link,Search link provided; automated SSRN profile resolution was rate limited.,UTD Top 3 accounting journals author-affiliation aggregate,2021-2025,The Accounting Review; Journal of Accounting and Economics; Journal of Accounting Research,"https://www.byuaccounting.net/rankings/indrank/per_ind_cnt.php?authorid=44&authorname=Li, Oliver Zhen",Journal of Accounting Research: 1; The Accounting Review: 1; Journal of Accounting and Economics: 1,2023: 1; 2021: 2,NUS Business School,Publication_count counts distinct UTD article records for this author-school affiliation.
173,Shanghai Lixin University of Finance and Accounting,Oliver Zhen Li,3,Accounting,Defaulted from UTD top-3 accounting journal sample,https://search.brave.com/search?q=Oliver+Zhen+Li+%22Shanghai+Lixin+University+of+Finance+and+Accounting%22+SSRN,search_link,Search link provided; automated SSRN profile resolution was rate limited.,UTD Top 3 accounting journals author-affiliation aggregate,2021-2025,The Accounting Review; Journal of Accounting and Economics; Journal of Accounting Research,"https://www.byuaccounting.net/rankings/indrank/per_ind_cnt.php?authorid=44&authorname=Li, Oliver Zhen",Journal of Accounting Research: 1; The Accounting Review: 1; Journal of Accounting and Economics: 1,2023: 1; 2021: 2,,Publication_count counts distinct UTD article records for this author-school affiliation.
174,London School of Economics and Political Science (LSE),Oscar Timmermans,3,Financial; Managerial; Archival,BYU interest areas,https://search.brave.com/search?q=Oscar+Timmermans+%22London+School+of+Economics+and+Political+Science+%28LSE%29%22+SSRN,search_link,Search link provided; automated SSRN profile resolution was rate limited.,UTD Top 3 accounting journals author-affiliation aggregate,2021-2025,The Accounting Review; Journal of Accounting and Economics; Journal of Accounting Research,"https://www.byuaccounting.net/rankings/indrank/per_ind_cnt.php?authorid=8048&authorname=Timmermans, Oscar",Journal of Accounting Research: 2; The Accounting Review: 1,2024: 2; 2022: 1,,Publication_count counts distinct UTD article records for this author-school affiliation.
175,Cornell University,P Eric Yeung,3,Financial; Archival,BYU interest areas,https://search.brave.com/search?q=P+Eric+Yeung+%22Cornell+University%22+SSRN,search_link,Search link provided; automated SSRN profile resolution was rate limited.,UTD Top 3 accounting journals author-affiliation aggregate,2021-2025,The Accounting Review; Journal of Accounting and Economics; Journal of Accounting Research,"https://www.byuaccounting.net/rankings/indrank/per_ind_cnt.php?authorid=658&authorname=Yeung, P. Eric",Journal of Accounting and Economics: 1; Journal of Accounting Research: 1; The Accounting Review: 1,2025: 1; 2024: 2,"SC Johnson College of Business, Johnson Graduate School of Management (Incl. Dyson and Nolan)",Publication_count counts distinct UTD article records for this author-school affiliation.
176,University of Southern California,Patricia M Dechow,3,Financial; Archival,BYU interest areas,https://search.brave.com/search?q=Patricia+M+Dechow+%22University+of+Southern+California%22+SSRN,search_link,Search link provided; automated SSRN profile resolution was rate limited.,UTD Top 3 accounting journals author-affiliation aggregate,2021-2025,The Accounting Review; Journal of Accounting and Economics; Journal of Accounting Research,"https://www.byuaccounting.net/rankings/indrank/per_ind_cnt.php?authorid=314&authorname=Dechow, Patricia M.",The Accounting Review: 2; Journal of Accounting Research: 1,2023: 1; 2021: 2,Marshall School of Business (incl. Leventhal),Publication_count counts distinct UTD article records for this author-school affiliation.
177,University of Notre Dame,Peter D Easton,3,Accounting,Defaulted from UTD top-3 accounting journal sample,https://search.brave.com/search?q=Peter+D+Easton+%22University+of+Notre+Dame%22+SSRN,search_link,Search link provided; automated SSRN profile resolution was rate limited.,UTD Top 3 accounting journals author-affiliation aggregate,2021-2025,The Accounting Review; Journal of Accounting and Economics; Journal of Accounting Research,"https://www.byuaccounting.net/rankings/indrank/per_ind_cnt.php?authorid=2135&authorname=Easton, Peter D.",The Accounting Review: 3,2025: 1; 2024: 1; 2022: 1,Mendoza College of Business,Publication_count counts distinct UTD article records for this author-school affiliation.
178,Singapore Management University,Qiang Cheng,3,Financial; Tax; Archival,BYU interest areas,https://search.brave.com/search?q=Qiang+Cheng+%22Singapore+Management+University%22+SSRN,search_link,Search link provided; automated SSRN profile resolution was rate limited.,UTD Top 3 accounting journals author-affiliation aggregate,2021-2025,The Accounting Review; Journal of Accounting and Economics; Journal of Accounting Research,"https://www.byuaccounting.net/rankings/indrank/per_ind_cnt.php?authorid=297&authorname=Cheng, Qiang",Journal of Accounting and Economics: 3,2025: 2; 2022: 1,Lee Kong Chian School of Business,Publication_count counts distinct UTD article records for this author-school affiliation.
179,Fudan University,Qinlin Zhong,3,Accounting,Defaulted from UTD top-3 accounting journal sample,https://search.brave.com/search?q=Qinlin+Zhong+%22Fudan+University%22+SSRN,search_link,Search link provided; automated SSRN profile resolution was rate limited.,UTD Top 3 accounting journals author-affiliation aggregate,2021-2025,The Accounting Review; Journal of Accounting and Economics; Journal of Accounting Research,"https://www.byuaccounting.net/rankings/indrank/per_ind_cnt.php?authorid=8687&authorname=Zhong, Qinlin",Journal of Accounting and Economics: 2; The Accounting Review: 1,2024: 1; 2022: 2,School of Management,Publication_count counts distinct UTD article records for this author-school affiliation.
180,Duke University,Rahul Vashishtha,3,Financial; Archival,BYU interest areas,https://search.brave.com/search?q=Rahul+Vashishtha+%22Duke+University%22+SSRN,search_link,Search link provided; automated SSRN profile resolution was rate limited.,UTD Top 3 accounting journals author-affiliation aggregate,2021-2025,The Accounting Review; Journal of Accounting and Economics; Journal of Accounting Research,"https://www.byuaccounting.net/rankings/indrank/per_ind_cnt.php?authorid=5435&authorname=Vashishtha, Rahul",Journal of Accounting Research: 1; The Accounting Review: 1; Journal of Accounting and Economics: 1,2025: 2; 2022: 1,The Fuqua School of Business,Publication_count counts distinct UTD article records for this author-school affiliation.
181,Bentley University,Rani Hoitash,3,AIS; Audit; Financial; Archival,BYU interest areas,https://search.brave.com/search?q=Rani+Hoitash+%22Bentley+University%22+SSRN,search_link,Search link provided; automated SSRN profile resolution was rate limited.,UTD Top 3 accounting journals author-affiliation aggregate,2021-2025,The Accounting Review; Journal of Accounting and Economics; Journal of Accounting Research,"https://www.byuaccounting.net/rankings/indrank/per_ind_cnt.php?authorid=115&authorname=Hoitash, Rani",The Accounting Review: 3,2025: 1; 2023: 2,McCallum School of Business,Publication_count counts distinct UTD article records for this author-school affiliation.
182,Yale University,Raphael Duguay,3,Audit; Financial; Other Accounting Topics; Archival,BYU interest areas,https://search.brave.com/search?q=Raphael+Duguay+%22Yale+University%22+SSRN,search_link,Search link provided; automated SSRN profile resolution was rate limited.,UTD Top 3 accounting journals author-affiliation aggregate,2021-2025,The Accounting Review; Journal of Accounting and Economics; Journal of Accounting Research,"https://www.byuaccounting.net/rankings/indrank/per_ind_cnt.php?authorid=9625&authorname=Duguay, Raphael",Journal of Accounting Research: 2; The Accounting Review: 1,2024: 1; 2023: 1; 2022: 1,School of Management,Publication_count counts distinct UTD article records for this author-school affiliation.
183,Singapore Management University,Rencheng Wang,3,Audit; Financial; Managerial; Other Accounting Topics; Archival,BYU interest areas,https://search.brave.com/search?q=Rencheng+Wang+%22Singapore+Management+University%22+SSRN,search_link,,UTD Top 3 accounting journals author-affiliation aggregate,2021-2025,The Accounting Review; Journal of Accounting and Economics; Journal of Accounting Research,"https://www.byuaccounting.net/rankings/indrank/per_ind_cnt.php?authorid=5456&authorname=Wang, Rencheng",Journal of Accounting Research: 1; The Accounting Review: 1; Journal of Accounting and Economics: 1,2023: 1; 2022: 2,Lee Kong Chian School of Business,Publication_count counts distinct UTD article records for this author-school affiliation.
184,University of Alabama at Tuscaloosa,Richard C Hatfield,3,Audit; Financial; Tax; Experimental,BYU interest areas,https://search.brave.com/search?q=Richard+C+Hatfield+%22University+of+Alabama+at+Tuscaloosa%22+SSRN,search_link,,UTD Top 3 accounting journals author-affiliation aggregate,2021-2025,The Accounting Review; Journal of Accounting and Economics; Journal of Accounting Research,"https://www.byuaccounting.net/rankings/indrank/per_ind_cnt.php?authorid=10&authorname=Hatfield, Richard C.",The Accounting Review: 3,2025: 1; 2022: 2,Culverhouse College of Business,Publication_count counts distinct UTD article records for this author-school affiliation.
185,Pennsylvania State University at State College (Penn State),Richard D Mergenthaler,3,Financial; Archival,BYU interest areas,https://search.brave.com/search?q=Richard+D+Mergenthaler+%22Pennsylvania+State+University+at+State+College+%28Penn+State%29%22+SSRN,search_link,,UTD Top 3 accounting journals author-affiliation aggregate,2021-2025,The Accounting Review; Journal of Accounting and Economics; Journal of Accounting Research,"https://www.byuaccounting.net/rankings/indrank/per_ind_cnt.php?authorid=1784&authorname=Mergenthaler, Richard D.",Journal of Accounting and Economics: 1; The Accounting Review: 1; Journal of Accounting Research: 1,2025: 2; 2022: 1,Smeal College of Business,Publication_count counts distinct UTD article records for this author-school affiliation.
186,University of North Carolina at Chapel Hill,Robert M Bushman,3,Accounting,Defaulted from UTD top-3 accounting journal sample,https://search.brave.com/search?q=Robert+M+Bushman+%22University+of+North+Carolina+at+Chapel+Hill%22+SSRN,search_link,,UTD Top 3 accounting journals author-affiliation aggregate,2021-2025,The Accounting Review; Journal of Accounting and Economics; Journal of Accounting Research,"https://www.byuaccounting.net/rankings/indrank/per_ind_cnt.php?authorid=1212&authorname=Bushman, Robert M.",Journal of Accounting and Economics: 2; The Accounting Review: 1,2024: 1; 2021: 2,Kenan-Flagler Business School,Publication_count counts distinct UTD article records for this author-school affiliation.
187,University of Texas at Austin,Sara Toynbee,3,Financial; Archival,BYU interest areas,https://search.brave.com/search?q=Sara+Toynbee+%22University+of+Texas+at+Austin%22+SSRN,search_link,,UTD Top 3 accounting journals author-affiliation aggregate,2021-2025,The Accounting Review; Journal of Accounting and Economics; Journal of Accounting Research,"https://www.byuaccounting.net/rankings/indrank/per_ind_cnt.php?authorid=6448&authorname=Toynbee, Sara",Journal of Accounting and Economics: 2; The Accounting Review: 1,2024: 1; 2023: 1; 2022: 1,McCombs School of Business,Publication_count counts distinct UTD article records for this author-school affiliation.
188,San Diego State University,Shira Cohen,3,Accounting,Defaulted from UTD top-3 accounting journal sample,https://search.brave.com/search?q=Shira+Cohen+%22San+Diego+State+University%22+SSRN,search_link,,UTD Top 3 accounting journals author-affiliation aggregate,2021-2025,The Accounting Review; Journal of Accounting and Economics; Journal of Accounting Research,"https://www.byuaccounting.net/rankings/indrank/per_ind_cnt.php?authorid=10032&authorname=Cohen, Shira",Journal of Accounting Research: 1; The Accounting Review: 1; Journal of Accounting and Economics: 1,2023: 3,College of Business Administration / Fowler College of Business Administration,Publication_count counts distinct UTD article records for this author-school affiliation.
189,KU Leuven / Katholieke Universiteit Leuven,Simon Dekeyser,3,Audit; Archival; Other Accounting Topics,BYU interest areas,https://search.brave.com/search?q=Simon+Dekeyser+%22KU+Leuven+%2F+Katholieke+Universiteit+Leuven%22+SSRN,search_link,,UTD Top 3 accounting journals author-affiliation aggregate,2021-2025,The Accounting Review; Journal of Accounting and Economics; Journal of Accounting Research,"https://www.byuaccounting.net/rankings/indrank/per_ind_cnt.php?authorid=8076&authorname=Dekeyser, Simon",Journal of Accounting and Economics: 1; The Accounting Review: 1; Journal of Accounting Research: 1,2024: 1; 2021: 2,Faculty of Economics and Business,Publication_count counts distinct UTD article records for this author-school affiliation.
190,Florida State University,Spencer Pierce,3,Financial; Archival,BYU interest areas,https://search.brave.com/search?q=Spencer+Pierce+%22Florida+State+University%22+SSRN,search_link,,UTD Top 3 accounting journals author-affiliation aggregate,2021-2025,The Accounting Review; Journal of Accounting and Economics; Journal of Accounting Research,"https://www.byuaccounting.net/rankings/indrank/per_ind_cnt.php?authorid=8029&authorname=Pierce, Spencer",The Accounting Review: 3,2023: 1; 2021: 2,College of Business,Publication_count counts distinct UTD article records for this author-school affiliation.
191,University of Texas at Dallas,Stanimir Markov,3,Financial; Archival,BYU interest areas,https://search.brave.com/search?q=Stanimir+Markov+%22University+of+Texas+at+Dallas%22+SSRN,search_link,,UTD Top 3 accounting journals author-affiliation aggregate,2021-2025,The Accounting Review; Journal of Accounting and Economics; Journal of Accounting Research,"https://www.byuaccounting.net/rankings/indrank/per_ind_cnt.php?authorid=566&authorname=Markov, Stanimir",The Accounting Review: 2; Journal of Accounting and Economics: 1,2024: 1; 2023: 1; 2022: 1,Naveen Jindal School of Management,Publication_count counts distinct UTD article records for this author-school affiliation.
192,University of Texas at Austin,Steven J Kachelmeier,3,Accounting,Defaulted from UTD top-3 accounting journal sample,https://search.brave.com/search?q=Steven+J+Kachelmeier+%22University+of+Texas+at+Austin%22+SSRN,search_link,,UTD Top 3 accounting journals author-affiliation aggregate,2021-2025,The Accounting Review; Journal of Accounting and Economics; Journal of Accounting Research,"https://www.byuaccounting.net/rankings/indrank/per_ind_cnt.php?authorid=2529&authorname=Kachelmeier, Steven J.",The Accounting Review: 3,2024: 1; 2022: 1; 2021: 1,McCombs School of Business,Publication_count counts distinct UTD article records for this author-school affiliation.
193,Northwestern University,Sugata Roychowdhury,3,Financial; Archival; Managerial,BYU interest areas,https://search.brave.com/search?q=Sugata+Roychowdhury+%22Northwestern+University%22+SSRN,search_link,,UTD Top 3 accounting journals author-affiliation aggregate,2021-2025,The Accounting Review; Journal of Accounting and Economics; Journal of Accounting Research,"https://www.byuaccounting.net/rankings/indrank/per_ind_cnt.php?authorid=1072&authorname=Roychowdhury, Sugata",Journal of Accounting Research: 2; Journal of Accounting and Economics: 1,2025: 3,Kellogg School of Management,Publication_count counts distinct UTD article records for this author-school affiliation.
194,Boston College,Susan Shu,3,Audit; Financial; Archival,BYU interest areas,https://search.brave.com/search?q=Susan+Shu+%22Boston+College%22+SSRN,search_link,,UTD Top 3 accounting journals author-affiliation aggregate,2021-2025,The Accounting Review; Journal of Accounting and Economics; Journal of Accounting Research,"https://www.byuaccounting.net/rankings/indrank/per_ind_cnt.php?authorid=266&authorname=Shu, Susan",The Accounting Review: 2; Journal of Accounting and Economics: 1,2025: 1; 2023: 1; 2022: 1,Carroll School of Management,Publication_count counts distinct UTD article records for this author-school affiliation.
195,Emory University,Teri Lombardi Yohn,3,Accounting,Defaulted from UTD top-3 accounting journal sample,https://search.brave.com/search?q=Teri+Lombardi+Yohn+%22Emory+University%22+SSRN,search_link,,UTD Top 3 accounting journals author-affiliation aggregate,2021-2025,The Accounting Review; Journal of Accounting and Economics; Journal of Accounting Research,"https://www.byuaccounting.net/rankings/indrank/per_ind_cnt.php?authorid=816&authorname=Yohn, Teri Lombardi",The Accounting Review: 3,2024: 1; 2021: 2,Goizueta Business School,Publication_count counts distinct UTD article records for this author-school affiliation.
196,University of Georgia,Theodore E. Christensen,3,Financial; Archival; Managerial,BYU interest areas,https://search.brave.com/search?q=Theodore+E.+Christensen+%22University+of+Georgia%22+SSRN,search_link,,UTD Top 3 accounting journals author-affiliation aggregate,2021-2025,The Accounting Review; Journal of Accounting and Economics; Journal of Accounting Research,"https://www.byuaccounting.net/rankings/indrank/per_ind_cnt.php?authorid=284&authorname=Christensen, Theodore E.",Journal of Accounting and Economics: 3,2025: 1; 2024: 1; 2023: 1,Terry College of Business,Publication_count counts distinct UTD article records for this author-school affiliation.
197,University of Nebraska at Lincoln,Thomas R Kubick,3,Accounting,Defaulted from UTD top-3 accounting journal sample,https://search.brave.com/search?q=Thomas+R+Kubick+%22University+of+Nebraska+at+Lincoln%22+SSRN,search_link,,UTD Top 3 accounting journals author-affiliation aggregate,2021-2025,The Accounting Review; Journal of Accounting and Economics; Journal of Accounting Research,"https://www.byuaccounting.net/rankings/indrank/per_ind_cnt.php?authorid=6279&authorname=Kubick, Thomas R.",The Accounting Review: 2; Journal of Accounting and Economics: 1,2025: 1; 2024: 1; 2023: 1,College of Business Administration,Publication_count counts distinct UTD article records for this author-school affiliation.
198,University of Kentucky,Tyler J Kleppe,3,Audit; Financial; Archival,BYU interest areas,https://search.brave.com/search?q=Tyler+J+Kleppe+%22University+of+Kentucky%22+SSRN,search_link,,UTD Top 3 accounting journals author-affiliation aggregate,2021-2025,The Accounting Review; Journal of Accounting and Economics; Journal of Accounting Research,"https://www.byuaccounting.net/rankings/indrank/per_ind_cnt.php?authorid=9023&authorname=Kleppe, Tyler J.",The Accounting Review: 2; Journal of Accounting Research: 1,2024: 1; 2022: 2,Gatton College of Business and Economics,Publication_count counts distinct UTD article records for this author-school affiliation.
199,University of Chicago,Valeri V Nikolaev,3,Accounting,Defaulted from UTD top-3 accounting journal sample,https://search.brave.com/search?q=Valeri+V+Nikolaev+%22University+of+Chicago%22+SSRN,search_link,,UTD Top 3 accounting journals author-affiliation aggregate,2021-2025,The Accounting Review; Journal of Accounting and Economics; Journal of Accounting Research,"https://www.byuaccounting.net/rankings/indrank/per_ind_cnt.php?authorid=3378&authorname=Nikolaev, Valeri V.",Journal of Accounting and Economics: 2; The Accounting Review: 1,2022: 3,Booth School of Business,Publication_count counts distinct UTD article records for this author-school affiliation.
200,Columbia University,Wei Cai,3,Accounting,Defaulted from UTD top-3 accounting journal sample,https://search.brave.com/search?q=Wei+Cai+%22Columbia+University%22+SSRN,search_link,,UTD Top 3 accounting journals author-affiliation aggregate,2021-2025,The Accounting Review; Journal of Accounting and Economics; Journal of Accounting Research,"https://www.byuaccounting.net/rankings/indrank/per_ind_cnt.php?authorid=9882&authorname=Cai, Wei",Journal of Accounting Research: 2; The Accounting Review: 1,2025: 2; 2023: 1,Columbia Business School,Publication_count counts distinct UTD article records for this author-school affiliation.
